 -5.980, 0.0000, 0.0000, 0.0000, 0.0000, 0.0000, 0.0000, 0.0000, 0.0000,
 -5.960, 0.0000, 0.0000, 0.0000, 0.0000, 0.0000, 0.0000, 0.0000, 0.0000,
 -5.940, 0.0000, 0.0000, 0.0000, 0.0000, 0.0000, 0.0000, 0.0000, 0.0000,
 -5.920, 0.0000, 0.0000, 0.0000, 0.0000, 0.0000, 0.0000, 0.0000, 0.0000,
 -5.900, 0.0000, 0.0000, 0.0000, 0.0000, 0.0000, 0.0000, 0.0000, 0.0000,
 -5.880, 0.0000, 0.0000, 0.0000, 0.0000, 0.0000, 0.0000, 0.0000, 0.0000,
 -5.860, 0.0000, 0.0000, 0.0000, 0.0000, 0.0000, 0.0000, 0.0000, 0.0000,
 -5.840, 0.0000, 0.0000, 0.0000, 0.0000, 0.0000, 0.0000, 0.0000, 0.0000,
 -5.820, 0.0000, 0.0000, 0.0000, 0.0000, 0.0000, 0.0000, 0.0000, 0.0000,
 -5.800, 0.0000, 0.0000, 0.0000, 0.0000, 0.0000, 0.0000, 0.0000, 0.0000,
 -5.780, 0.0000, 0.0000, 0.0000, 0.0000, 0.0000, 0.0000, 0.0000, 0.0000,
 -5.760, 0.0000, 0.0000, 0.0000, 0.0000, 0.0000, 0.0000, 0.0000, 0.0000,
 -5.740, 0.0000, 0.0000, 0.0000, 0.0000, 0.0000, 0.0000, 0.0000, 0.0000,
 -5.720, 0.0000, 0.0000, 0.0000, 0.0000, 0.0000, 0.0000, 0.0000, 0.0000,
 -5.700, 0.0000, 0.0000, 0.0000, 0.0000, 0.0000, 0.0000, 0.0000, 0.0000,
 -5.680, 0.0000, 0.0000, 0.0000, 0.0000, 0.0000, 0.0000, 0.0000, 0.0000,
 -5.660, 0.0000, 0.0000, 0.0000, 0.0000, 0.0000, 0.0000, 0.0000, 0.0000,
 -5.640, 0.0000, 0.0000, 0.0000, 0.0000, 0.0000, 0.0000, 0.0000, 0.0000,
 -5.620, 0.0000, 0.0000, 0.0000, 0.0000, 0.0000, 0.0000, 0.0000, 0.0000,
 -5.600, 0.0000, 0.0000, 0.0000, 0.0000, 0.0000, 0.0000, 0.0000, 0.0000,
 -5.580, 0.0000, 0.0000, 0.0000, 0.0000, 0.0000, 0.0000, 0.0000, 0.0000,
 -5.560, 0.0000, 0.0000, 0.0000, 0.0000, 0.0000, 0.0000, 0.0000, 0.0000,
 -5.540, 0.0000, 0.0000, 0.0000, 0.0000, 0.0000, 0.0000, 0.0000, 0.0000,
 -5.520, 0.0000, 0.0000, 0.0000, 0.0000, 0.0000, 0.0000, 0.0000, 0.0000,
 -5.500, 0.0000, 0.0000, 0.0000, 0.0000, 0.0000, 0.0000, 0.0000, 0.0000,
 -5.480, 0.0000, 0.0000, 0.0000, 0.0000, 0.0000, 0.0000, 0.0000, 0.0000,
 -5.460, 0.0000, 0.0000, 0.0000, 0.0000, 0.0000, 0.0000, 0.0000, 0.0000,
 -5.440, 0.0000, 0.0000, 0.0000, 0.0000, 0.0000, 0.0000, 0.0000, 0.0000,
 -5.420, 0.0000, 0.0000, 0.0000, 0.0000, 0.0000, 0.0000, 0.0000, 0.0000,
 -5.400, 0.0000, 0.0000, 0.0000, 0.0000, 0.0000, 0.0000, 0.0000, 0.0000,
 -5.380, 0.0000, 0.0000, 0.0000, 0.0000, 0.0000, 0.0000, 0.0000, 0.0000,
 -5.360, 0.0000, 0.0000, 0.0000, 0.0000, 0.0000, 0.0000, 0.0000, 0.0000,
 -5.340, 0.0000, 0.0000, 0.0000, 0.0000, 0.0000, 0.0000, 0.0000, 0.0000,
 -5.320, 0.0000, 0.0000, 0.0000, 0.0000, 0.0000, 0.0000, 0.0000, 0.0000,
 -5.300, 0.0000, 0.0000, 0.0000, 0.0000, 0.0000, 0.0000, 0.0000, 0.0000,
 -5.280, 0.0000, 0.0000, 0.0000, 0.0000, 0.0000, 0.0000, 0.0000, 0.0000,
 -5.260, 0.0000, 0.0000, 0.0000, 0.0000, 0.0000, 0.0000, 0.0000, 0.0000,
 -5.240, 0.0000, 0.0000, 0.0000, 0.0000, 0.0000, 0.0000, 0.0000, 0.0000,
 -5.220, 0.0000, 0.0000, 0.0000, 0.0000, 0.0000, 0.0000, 0.0000, 0.0000,
 -5.200, 0.0000, 0.0000, 0.0000, 0.0000, 0.0000, 0.0000, 0.0000, 0.0000,
 -5.180, 0.0000, 0.0000, 0.0000, 0.0000, 0.0000, 0.0000, 0.0000, 0.0000,
 -5.160, 0.0000, 0.0000, 0.0000, 0.0000, 0.0000, 0.0000, 0.0000, 0.0000,
 -5.140, 0.0000, 0.0000, 0.0000, 0.0000, 0.0000, 0.0000, 0.0000, 0.0000,
 -5.120, 0.0000, 0.0000, 0.0000, 0.0000, 0.0000, 0.0000, 0.0000, 0.0000,
 -5.100, 0.0000, 0.0000, 0.0000, 0.0000, 0.0000, 0.0000, 0.0000, 0.0000,
 -5.080, 0.0000, 0.0000, 0.0000, 0.0000, 0.0000, 0.0000, 0.0000, 0.0000,
 -5.060, 0.0000, 0.0000, 0.0000, 0.0000, 0.0000, 0.0000, 0.0000, 0.0000,
 -5.040, 0.0000, 0.0000, 0.0000, 0.0000, 0.0000, 0.0000, 0.0000, 0.0000,
 -5.020, 0.0000, 0.0000, 0.0000, 0.0000, 0.0000, 0.0000, 0.0000, 0.0000,
 -5.000, 0.0000, 0.0000, 0.0000, 0.0000, 0.0000, 0.0000, 0.0000, 0.0000,
 -4.980, 0.0000, 0.0000, 0.0000, 0.0000, 0.0000, 0.0000, 0.0000, 0.0000,
 -4.960, 0.0000, 0.0000, 0.0000, 0.0000, 0.0000, 0.0000, 0.0000, 0.0000,
 -4.940, 0.0000, 0.0000, 0.0000, 0.0000, 0.0000, 0.0000, 0.0000, 0.0000,
 -4.920, 0.0000, 0.0000, 0.0000, 0.0000, 0.0000, 0.0000, 0.0000, 0.0000,
 -4.900, 0.0000, 0.0000, 0.0000, 0.0000, 0.0000, 0.0000, 0.0000, 0.0000,
 -4.880, 0.0000, 0.0000, 0.0000, 0.0000, 0.0000, 0.0000, 0.0000, 0.0000,
 -4.860, 0.0000, 0.0000, 0.0000, 0.0000, 0.0000, 0.0000, 0.0000, 0.0000,
 -4.840, 0.0000, 0.0000, 0.0000, 0.0000, 0.0000, 0.0000, 0.0000, 0.0000,
 -4.820, 0.0000, 0.0000, 0.0000, 0.0000, 0.0000, 0.0000, 0.0000, 0.0000,
 -4.800, 0.0000, 0.0000, 0.0000, 0.0000, 0.0000, 0.0000, 0.0000, 0.0000,
 -4.780, 0.0000, 0.0000, 0.0000, 0.0000, 0.0000, 0.0000, 0.0000, 0.0000,
 -4.760, 0.0000, 0.0000, 0.0000, 0.0000, 0.0000, 0.0000, 0.0000, 0.0000,
 -4.740, 0.0000, 0.0000, 0.0000, 0.0000, 0.0000, 0.0000, 0.0000, 0.0000,
 -4.720, 0.0000, 0.0000, 0.0000, 0.0000, 0.0000, 0.0000, 0.0000, 0.0000,
 -4.700, 0.0000, 0.0000, 0.0000, 0.0000, 0.0000, 0.0000, 0.0000, 0.0000,
 -4.680, 0.0000, 0.0000, 0.0000, 0.0000, 0.0000, 0.0000, 0.0000, 0.0000,
 -4.660, 0.0000, 0.0000, 0.0000, 0.0000, 0.0000, 0.0000, 0.0000, 0.0000,
 -4.640, 0.0000, 0.0000, 0.0000, 0.0000, 0.0000, 0.0000, 0.0000, 0.0000,
 -4.620, 0.0000, 0.0000, 0.0000, 0.0000, 0.0000, 0.0000, 0.0000, 0.0000,
 -4.600, 0.0000, 0.0000, 0.0000, 0.0000, 0.0000, 0.0000, 0.0000, 0.0000,
 -4.580, 0.0000, 0.0000, 0.0000, 0.0000, 0.0000, 0.0000, 0.0000, 0.0000,
 -4.560, 0.0000, 0.0000, 0.0000, 0.0000, 0.0000, 0.0000, 0.0000, 0.0000,
 -4.540, 0.0000, 0.0000, 0.0000, 0.0000, 0.0000, 0.0000, 0.0000, 0.0000,
 -4.520, 0.0000, 0.0000, 0.0000, 0.0000, 0.0000, 0.0000, 0.0000, 0.0000,
 -4.500, 0.0000, 0.0000, 0.0000, 0.0000, 0.0000, 0.0000, 0.0000, 0.0000,
 -4.480, 0.0000, 0.0000, 0.0000, 0.0000, 0.0000, 0.0000, 0.0000, 0.0000,
 -4.460, 0.0000, 0.0000, 0.0000, 0.0000, 0.0000, 0.0000, 0.0000, 0.0000,
 -4.440, 0.0000, 0.0000, 0.0000, 0.0000, 0.0000, 0.0000, 0.0000, 0.0000,
 -4.420, 0.0000, 0.0000, 0.0000, 0.0000, 0.0000, 0.0000, 0.0000, 0.0000,
 -4.400, 0.0000, 0.0000, 0.0000, 0.0000, 0.0000, 0.0000, 0.0000, 0.0000,
 -4.380, 0.0000, 0.0000, 0.0000, 0.0000, 0.0000, 0.0000, 0.0000, 0.0000,
 -4.360, 0.0000, 0.0000, 0.0000, 0.0000, 0.0000, 0.0000, 0.0000, 0.0000,
 -4.340, 0.0000, 0.0000, 0.0000, 0.0000, 0.0000, 0.0000, 0.0000, 0.0000,
 -4.320, 0.0000, 0.0000, 0.0000, 0.0000, 0.0000, 0.0000, 0.0000, 0.0000,
 -4.300, 0.0000, 0.0000, 0.0000, 0.0000, 0.0000, 0.0000, 0.0000, 0.0000,
 -4.280, 0.0000, 0.0000, 0.0000, 0.0000, 0.0000, 0.0000, 0.0000, 0.0000,
 -4.260, 0.0000, 0.0000, 0.0000, 0.0000, 0.0000, 0.0000, 0.0000, 0.0000,
 -4.240, 0.0000, 0.0000, 0.0000, 0.0000, 0.0000, 0.0000, 0.0000, 0.0000,
 -4.220, 0.0000, 0.0000, 0.0000, 0.0000, 0.0000, 0.0000, 0.0000, 0.0000,
 -4.200, 0.0000, 0.0000, 0.0000, 0.0000, 0.0000, 0.0000, 0.0000, 0.0000,
 -4.180, 0.0000, 0.0000, 0.0000, 0.0000, 0.0000, 0.0000, 0.0000, 0.0000,
 -4.160, 0.0000, 0.0000, 0.0000, 0.0000, 0.0000, 0.0000, 0.0000, 0.0000,
 -4.140, 0.0000, 0.0000, 0.0000, 0.0000, 0.0000, 0.0000, 0.0000, 0.0000,
 -4.120, 0.0000, 0.0000, 0.0000, 0.0000, 0.0000, 0.0000, 0.0000, 0.0000,
 -4.100, 0.0000, 0.0000, 0.0000, 0.0000, 0.0000, 0.0000, 0.0000, 0.0000,
 -4.080, 0.0000, 0.0000, 0.0000, 0.0000, 0.0000, 0.0000, 0.0000, 0.0000,
 -4.060, 0.0000, 0.0000, 0.0000, 0.0000, 0.0000, 0.0000, 0.0000, 0.0000,
 -4.040, 0.0000, 0.0000, 0.0000, 0.0000, 0.0000, 0.0000, 0.0000, 0.0000,
 -4.020, 0.0000, 0.0000, 0.0000, 0.0000, 0.0000, 0.0000, 0.0000, 0.0000,
 -4.000, 0.0000, 0.0000, 0.0000, 0.0000, 0.0000, 0.0000, 0.0000, 0.0000,
 -3.980, 0.0000, 0.0000, 0.0000, 0.0000, 0.0000, 0.0000, 0.0000, 0.0000,
 -3.960, 0.0000, 0.0000, 0.0000, 0.0000, 0.0000, 0.0000, 0.0000, 0.0000,
 -3.940, 0.0000, 0.0000, 0.0000, 0.0000, 0.0000, 0.0000, 0.0000, 0.0000,
 -3.920, 0.0000, 0.0000, 0.0000, 0.0000, 0.0000, 0.0000, 0.0000, 0.0000,
 -3.900, 0.0000, 0.0000, 0.0000, 0.0000, 0.0000, 0.0000, 0.0000, 0.0000,
 -3.880, 0.0000, 0.0000, 0.0000, 0.0000, 0.0000, 0.0000, 0.0000, 0.0000,
 -3.860, 0.0000, 0.0000, 0.0000, 0.0000, 0.0000, 0.0000, 0.0000, 0.0000,
 -3.840, 0.0000, 0.0000, 0.0000, 0.0000, 0.0000, 0.0000, 0.0000, 0.0000,
 -3.820, 0.0000, 0.0000, 0.0000, 0.0000, 0.0000, 0.0000, 0.0000, 0.0000,
 -3.800, 0.0000, 0.0000, 0.0000, 0.0000, 0.0000, 0.0000, 0.0000, 0.0000,
 -3.780, 0.0000, 0.0000, 0.0000, 0.0000, 0.0000, 0.0000, 0.0000, 0.0000,
 -3.760, 0.0000, 0.0000, 0.0000, 0.0000, 0.0000, 0.0000, 0.0000, 0.0000,
 -3.740, 0.0000, 0.0000, 0.0000, 0.0000, 0.0000, 0.0000, 0.0000, 0.0000,
 -3.720, 0.0000, 0.0000, 0.0000, 0.0000, 0.0000, 0.0000, 0.0000, 0.0000,
 -3.700, 0.0000, 0.0000, 0.0000, 0.0000, 0.0000, 0.0000, 0.0000, 0.0000,
 -3.680, 0.0000, 0.0000, 0.0000, 0.0000, 0.0000, 0.0000, 0.0000, 0.0000,
 -3.660, 0.0000, 0.0000, 0.0000, 0.0000, 0.0000, 0.0000, 0.0000, 0.0000,
 -3.640, 0.0000, 0.0000, 0.0000, 0.0000, 0.0000, 0.0000, 0.0000, 0.0000,
 -3.620, 0.0000, 0.0000, 0.0000, 0.0000, 0.0000, 0.0000, 0.0000, 0.0000,
 -3.600, 0.0000, 0.0000, 0.0000, 0.0000, 0.0000, 0.0000, 0.0000, 0.0000,
 -3.580, 0.0000, 0.0000, 0.0000, 0.0000, 0.0000, 0.0000, 0.0000, 0.0000,
 -3.560, 0.0000, 0.0000, 0.0000, 0.0000, 0.0000, 0.0000, 0.0000, 0.0000,
 -3.540, 0.0000, 0.0000, 0.0000, 0.0000, 0.0000, 0.0000, 0.0000, 0.0000,
 -3.520, 0.0000, 0.0000, 0.0000, 0.0000, 0.0000, 0.0000, 0.0000, 0.0000,
 -3.500, 0.0000, 0.0000, 0.0000, 0.0000, 0.0000, 0.0000, 0.0000, 0.0000,
 -3.480, 0.0000, 0.0000, 0.0000, 0.0000, 0.0000, 0.0000, 0.0000, 0.0000,
 -3.460, 0.0000, 0.0000, 0.0000, 0.0000, 0.0000, 0.0000, 0.0000, 0.0000,
 -3.440, 0.0000, 0.0000, 0.0000, 0.0000, 0.0000, 0.0000, 0.0000, 0.0000,
 -3.420, 0.0000, 0.0000, 0.0000, 0.0000, 0.0000, 0.0000, 0.0000, 0.0000,
 -3.400, 0.0000, 0.0000, 0.0000, 0.0000, 0.0000, 0.0000, 0.0000, 0.0000,
 -3.380, 0.0000, 0.0000, 0.0000, 0.0000, 0.0000, 0.0000, 0.0000, 0.0000,
 -3.360, 0.0000, 0.0000, 0.0000, 0.0000, 0.0000, 0.0000, 0.0000, 0.0000,
 -3.340, 0.0000, 0.0000, 0.0000, 0.0000, 0.0000, 0.0000, 0.0000, 0.0000,
 -3.320, 0.0000, 0.0000, 0.0000, 0.0000, 0.0000, 0.0000, 0.0000, 0.0000,
 -3.300, 0.0000, 0.0000, 0.0000, 0.0000, 0.0000, 0.0000, 0.0000, 0.0000,
 -3.280, 0.0000, 0.0000, 0.0000, 0.0000, 0.0000, 0.0000, 0.0000, 0.0000,
 -3.260, 0.0000, 0.0000, 0.0000, 0.0000, 0.0000, 0.0000, 0.0000, 0.0000,
 -3.240, 0.0000, 0.0000, 0.0000, 0.0000, 0.0000, 0.0000, 0.0000, 0.0000,
 -3.220, 0.0000, 0.0000, 0.0000, 0.0000, 0.0000, 0.0000, 0.0000, 0.0000,
 -3.200, 0.0000, 0.0000, 0.0000, 0.0000, 0.0000, 0.0000, 0.0000, 0.0000,
 -3.180, 0.0000, 0.0000, 0.0000, 0.0000, 0.0000, 0.0000, 0.0000, 0.0000,
 -3.160, 0.0000, 0.0000, 0.0000, 0.0000, 0.0000, 0.0000, 0.0000, 0.0000,
 -3.140, 0.0000, 0.0000, 0.0000, 0.0000, 0.0000, 0.0000, 0.0000, 0.0000,
 -3.120, 0.0000, 0.0000, 0.0000, 0.0000, 0.0000, 0.0000, 0.0000, 0.0000,
 -3.100, 0.0000, 0.0000, 0.0000, 0.0000, 0.0000, 0.0000, 0.0000, 0.0000,
 -3.080, 0.0000, 0.0000, 0.0000, 0.0000, 0.0000, 0.0000, 0.0000, 0.0000,
 -3.060, 0.0000, 0.0000, 0.0000, 0.0000, 0.0000, 0.0000, 0.0000, 0.0000,
 -3.040, 0.0000, 0.0000, 0.0000, 0.0000, 0.0000, 0.0000, 0.0000, 0.0000,
 -3.020, 0.0000, 0.0000, 0.0000, 0.0000, 0.0000, 0.0000, 0.0000, 0.0000,
 -3.000, 0.0000, 0.0000, 0.0000, 0.0000, 0.0000, 0.0000, 0.0000, 0.0000,
 -2.980, 0.0000, 0.0000, 0.0000, 0.0000, 0.0000, 0.0000, 0.0000, 0.0000,
 -2.960, 0.0000, 0.0000, 0.0000, 0.0000, 0.0000, 0.0000, 0.0000, 0.0000,
 -2.940, 0.0000, 0.0000, 0.0000, 0.0000, 0.0000, 0.0000, 0.0000, 0.0000,
 -2.920, 0.0000, 0.0000, 0.0000, 0.0000, 0.0000, 0.0000, 0.0000, 0.0000,
 -2.900, 0.0000, 0.0000, 0.0000, 0.0000, 0.0000, 0.0000, 0.0000, 0.0000,
 -2.880, 0.0000, 0.0000, 0.0000, 0.0000, 0.0000, 0.0000, 0.0000, 0.0000,
 -2.860, 0.0000, 0.0000, 0.0000, 0.0000, 0.0000, 0.0000, 0.0000, 0.0000,
 -2.840, 0.0000, 0.0000, 0.0000, 0.0000, 0.0000, 0.0000, 0.0000, 0.0000,
 -2.820, 0.0000, 0.0000, 0.0000, 0.0000, 0.0000, 0.0000, 0.0000, 0.0000,
 -2.800, 0.0000, 0.0000, 0.0000, 0.0000, 0.0000, 0.0000, 0.0000, 0.0000,
 -2.780, 0.0000, 0.0000, 0.0000, 0.0000, 0.0000, 0.0000, 0.0000, 0.0000,
 -2.760, 0.0000, 0.0000, 0.0000, 0.0000, 0.0000, 0.0000, 0.0000, 0.0000,
 -2.740, 0.0000, 0.0000, 0.0000, 0.0000, 0.0000, 0.0000, 0.0000, 0.0000,
 -2.720, 0.0000, 0.0000, 0.0000, 0.0000, 0.0000, 0.0000, 0.0000, 0.0000,
 -2.700, 0.0000, 0.0000, 0.0000, 0.0000, 0.0000, 0.0000, 0.0000, 0.0000,
 -2.680, 0.0000, 0.0000, 0.0000, 0.0000, 0.0000, 0.0000, 0.0000, 0.0000,
 -2.660, 0.0000, 0.0000, 0.0000, 0.0000, 0.0000, 0.0000, 0.0000, 0.0000,
 -2.640, 0.0000, 0.0000, 0.0000, 0.0000, 0.0000, 0.0000, 0.0000, 0.0000,
 -2.620, 0.0000, 0.0000, 0.0000, 0.0000, 0.0000, 0.0000, 0.0000, 0.0000,
 -2.600, 0.0000, 0.0000, 0.0000, 0.0000, 0.0000, 0.0000, 0.0000, 0.0000,
 -2.580, 0.0000, 0.0000, 0.0000, 0.0000, 0.0000, 0.0000, 0.0000, 0.0000,
 -2.560, 0.0000, 0.0000, 0.0000, 0.0000, 0.0000, 0.0000, 0.0000, 0.0000,
 -2.540, 0.0000, 0.0000, 0.0000, 0.0000, 0.0000, 0.0000, 0.0000, 0.0000,
 -2.520, 0.0000, 0.0000, 0.0000, 0.0000, 0.0000, 0.0000, 0.0000, 0.0000,
 -2.500, 0.0000, 0.0000, 0.0000, 0.0000, 0.0000, 0.0000, 0.0000, 0.0000,
 -2.480, 0.0000, 0.0000, 0.0000, 0.0000, 0.0000, 0.0000, 0.0000, 0.0000,
 -2.460, 0.0000, 0.0000, 0.0000, 0.0000, 0.0000, 0.0000, 0.0000, 0.0000,
 -2.440, 0.0000, 0.0000, 0.0000, 0.0000, 0.0000, 0.0000, 0.0000, 0.0000,
 -2.420, 0.0000, 0.0000, 0.0000, 0.0000, 0.0000, 0.0000, 0.0000, 0.0000,
 -2.400, 0.0000, 0.0000, 0.0000, 0.0000, 0.0000, 0.0000, 0.0000, 0.0000,
 -2.380, 0.0000, 0.0000, 0.0000, 0.0000, 0.0000, 0.0000, 0.0000, 0.0000,
 -2.360, 0.0000, 0.0000, 0.0000, 0.0000, 0.0000, 0.0000, 0.0000, 0.0000,
 -2.340, 0.0000, 0.0000, 0.0000, 0.0000, 0.0000, 0.0000, 0.0000, 0.0000,
 -2.320, 0.0000, 0.0000, 0.0000, 0.0000, 0.0000, 0.0000, 0.0000, 0.0000,
 -2.300, 0.0000, 0.0000, 0.0000, 0.0000, 0.0000, 0.0000, 0.0000, 0.0000,
 -2.280, 0.0000, 0.0000, 0.0000, 0.0000, 0.0000, 0.0000, 0.0000, 0.0000,
 -2.260, 0.0000, 0.0000, 0.0000, 0.0000, 0.0000, 0.0000, 0.0000, 0.0000,
 -2.240, 0.0000, 0.0000, 0.0000, 0.0000, 0.0000, 0.0000, 0.0000, 0.0000,
 -2.220, 0.0000, 0.0000, 0.0000, 0.0000, 0.0000, 0.0000, 0.0000, 0.0000,
 -2.200, 0.0000, 0.0000, 0.0000, 0.0000, 0.0000, 0.0000, 0.0000, 0.0000,
 -2.180, 0.0000, 0.0000, 0.0000, 0.0000, 0.0000, 0.0000, 0.0000, 0.0000,
 -2.160, 0.0000, 0.0000, 0.0000, 0.0000, 0.0000, 0.0000, 0.0000, 0.0000,
 -2.140, 0.0000, 0.0000, 0.0000, 0.0000, 0.0000, 0.0000, 0.0000, 0.0000,
 -2.120, 0.0000, 0.0000, 0.0000, 0.0000, 0.0000, 0.0000, 0.0000, 0.0000,
 -2.100, 0.0000, 0.0000, 0.0000, 0.0000, 0.0000, 0.0000, 0.0000, 0.0000,
 -2.080, 0.0000, 0.0000, 0.0000, 0.0000, 0.0000, 0.0000, 0.0000, 0.0000,
 -2.060, 0.0000, 0.0000, 0.0000, 0.0000, 0.0000, 0.0000, 0.0000, 0.0000,
 -2.040, 0.0000, 0.0000, 0.0000, 0.0000, 0.0000, 0.0000, 0.0000, 0.0000,
 -2.020, 0.0000, 0.0000, 0.0000, 0.0000, 0.0000, 0.0000, 0.0000, 0.0000,
 -2.000, 0.0000, 0.0000, 0.0000, 0.0000, 0.0000, 0.0000, 0.0000, 0.0000,
 -1.980, 0.0000, 0.0000, 0.0000, 0.0000, 0.0000, 0.0000, 0.0000, 0.0000,
 -1.960, 0.0000, 0.0000, 0.0000, 0.0000, 0.0000, 0.0000, 0.0000, 0.0000,
 -1.940, 0.0000, 0.0000, 0.0000, 0.0000, 0.0000, 0.0000, 0.0000, 0.0000,
 -1.920, 0.0000, 0.0000, 0.0000, 0.0000, 0.0000, 0.0000, 0.0000, 0.0000,
 -1.900, 0.0000, 0.0000, 0.0000, 0.0000, 0.0000, 0.0000, 0.0000, 0.0000,
 -1.880, 0.0000, 0.0000, 0.0000, 0.0000, 0.0000, 0.0000, 0.0000, 0.0000,
 -1.860, 0.0000, 0.0000, 0.0000, 0.0000, 0.0000, 0.0000, 0.0000, 0.0000,
 -1.840, 0.0000, 0.0000, 0.0000, 0.0000, 0.0000, 0.0000, 0.0000, 0.0000,
 -1.820, 0.0000, 0.0000, 0.0000, 0.0000, 0.0000, 0.0000, 0.0000, 0.0000,
 -1.800, 0.0000, 0.0000, 0.0000, 0.0000, 0.0000, 0.0000, 0.0000, 0.0000,
 -1.780, 0.0000, 0.0000, 0.0000, 0.0000, 0.0000, 0.0000, 0.0000, 0.0000,
 -1.760, 0.0000, 0.0000, 0.0000, 0.0000, 0.0000, 0.0000, 0.0000, 0.0000,
 -1.740, 0.0000, 0.0000, 0.0000, 0.0000, 0.0000, 0.0000, 0.0000, 0.0000,
 -1.720, 0.0000, 0.0000, 0.0000, 0.0000, 0.0000, 0.0000, 0.0000, 0.0000,
 -1.700, 0.0000, 0.0000, 0.0000, 0.0000, 0.0000, 0.0000, 0.0000, 0.0000,
 -1.680, 0.0000, 0.0000, 0.0000, 0.0000, 0.0000, 0.0000, 0.0000, 0.0000,
 -1.660, 0.0000, 0.0000, 0.0000, 0.0000, 0.0000, 0.0000, 0.0000, 0.0000,
 -1.640, 0.0000, 0.0000, 0.0000, 0.0000, 0.0000, 0.0000, 0.0000, 0.0000,
 -1.620, 0.0000, 0.0000, 0.0000, 0.0000, 0.0000, 0.0000, 0.0000, 0.0000,
 -1.600, 0.0000, 0.0000, 0.0000, 0.0000, 0.0000, 0.0000, 0.0000, 0.0000,
 -1.580, 0.0000, 0.0000, 0.0000, 0.0000, 0.0000, 0.0000, 0.0000, 0.0000,
 -1.560, 0.0000, 0.0000, 0.0000, 0.0000, 0.0000, 0.0000, 0.0000, 0.0000,
 -1.540, 0.0000, 0.0000, 0.0000, 0.0000, 0.0000, 0.0000, 0.0000, 0.0000,
 -1.520, 0.0000, 0.0000, 0.0000, 0.0000, 0.0000, 0.0000, 0.0000, 0.0000,
 -1.500, 0.0000, 0.0000, 0.0000, 0.0000, 0.0000, 0.0000, 0.0000, 0.0000,
 -1.480, 0.0000, 0.0000, 0.0000, 0.0000, 0.0000, 0.0000, 0.0000, 0.0000,
 -1.460, 0.0000, 0.0000, 0.0000, 0.0000, 0.0000, 0.0000, 0.0000, 0.0000,
 -1.440, 0.0000, 0.0000, 0.0000, 0.0000, 0.0000, 0.0000, 0.0000, 0.0000,
 -1.420, 0.0000, 0.0000, 0.0000, 0.0000, 0.0000, 0.0000, 0.0000, 0.0000,
 -1.400, 0.0000, 0.0000, 0.0000, 0.0000, 0.0000, 0.0000, 0.0000, 0.0000,
 -1.380, 0.0000, 0.0000, 0.0000, 0.0000, 0.0000, 0.0000, 0.0000, 0.0000,
 -1.360, 0.0000, 0.0000, 0.0000, 0.0000, 0.0000, 0.0000, 0.0000, 0.0000,
 -1.340, 0.0000, 0.0000, 0.0000, 0.0000, 0.0000, 0.0000, 0.0000, 0.0000,
 -1.320, 0.0000, 0.0000, 0.0000, 0.0000, 0.0000, 0.0000, 0.0000, 0.0000,
 -1.300, 0.0000, 0.0000, 0.0000, 0.0000, 0.0000, 0.0000, 0.0000, 0.0000,
 -1.280, 0.0000, 0.0000, 0.0000, 0.0000, 0.0000, 0.0000, 0.0000, 0.0000,
 -1.260, 0.0000, 0.0000, 0.0000, 0.0000, 0.0000, 0.0000, 0.0000, 0.0000,
 -1.240, 0.0000, 0.0000, 0.0000, 0.0000, 0.0000, 0.0000, 0.0000, 0.0000,
 -1.220, 0.0000, 0.0000, 0.0000, 0.0000, 0.0000, 0.0000, 0.0000, 0.0000,
 -1.200, 0.0000, 0.0000, 0.0000, 0.0000, 0.0000, 0.0000, 0.0000, 0.0000,
 -1.180, 0.0000, 0.0000, 0.0000, 0.0000, 0.0000, 0.0000, 0.0000, 0.0000,
 -1.160, 0.0000, 0.0000, 0.0000, 0.0000, 0.0000, 0.0000, 0.0000, 0.0000,
 -1.140, 0.0000, 0.0000, 0.0000, 0.0000, 0.0000, 0.0000, 0.0000, 0.0000,
 -1.120, 0.0000, 0.0000, 0.0000, 0.0000, 0.0000, 0.0000, 0.0000, 0.0000,
 -1.100, 0.0000, 0.0000, 0.0000, 0.0000, 0.0000, 0.0000, 0.0000, 0.0000,
 -1.080, 0.0000, 0.0000, 0.0000, 0.0000, 0.0000, 0.0000, 0.0000, 0.0000,
 -1.060, 0.0000, 0.0000, 0.0000, 0.0000, 0.0000, 0.0000, 0.0000, 0.0000,
 -1.040, 0.0000, 0.0000, 0.0000, 0.0000, 0.0000, 0.0000, 0.0000, 0.0000,
 -1.020, 0.0000, 0.0000, 0.0000, 0.0000, 0.0000, 0.0000, 0.0000, 0.0000,
 -1.000, 0.0000, 0.0000, 0.0000, 0.0000, 0.0000, 0.0000, 0.0000, 0.0000,
 -0.980, 0.0000, 0.0000, 0.0000, 0.0000, 0.0000, 0.0000, 0.0000, 0.0000,
 -0.960, 0.0000, 0.0000, 0.0000, 0.0000, 0.0000, 0.0000, 0.0000, 0.0000,
 -0.940, 0.0000, 0.0000, 0.0000, 0.0000, 0.0000, 0.0000, 0.0000, 0.0000,
 -0.920, 0.0000, 0.0000, 0.0000, 0.0000, 0.0000, 0.0000, 0.0000, 0.0000,
 -0.900, 0.0000, 0.0000, 0.0000, 0.0000, 0.0000, 0.0000, 0.0000, 0.0000,
 -0.880, 0.0000, 0.0000, 0.0000, 0.0000, 0.0000, 0.0000, 0.0000, 0.0000,
 -0.860, 0.0000, 0.0000, 0.0000, 0.0000, 0.0000, 0.0000, 0.0000, 0.0000,
 -0.840, 0.0000, 0.0000, 0.0000, 0.0000, 0.0000, 0.0000, 0.0000, 0.0000,
 -0.820, 0.0000, 0.0000, 0.0000, 0.0000, 0.0000, 0.0000, 0.0000, 0.0000,
 -0.800, 0.0000, 0.0000, 0.0000, 0.0000, 0.0000, 0.0000, 0.0000, 0.0000,
 -0.780, 0.0000, 0.0000, 0.0000, 0.0000, 0.0000, 0.0000, 0.0000, 0.0000,
 -0.760, 0.0000, 0.0000, 0.0000, 0.0000, 0.0000, 0.0000, 0.0000, 0.0000,
 -0.740, 0.0000, 0.0000, 0.0000, 0.0000, 0.0000, 0.0000, 0.0000, 0.0000,
 -0.720, 0.0000, 0.0000, 0.0000, 0.0000, 0.0000, 0.0000, 0.0000, 0.0000,
 -0.700, 0.0000, 0.0000, 0.0000, 0.0000, 0.0000, 0.0000, 0.0000, 0.0000,
 -0.680, 0.0000, 0.0000, 0.0000, 0.0000, 0.0000, 0.0000, 0.0000, 0.0000,
 -0.660, 0.0000, 0.0000, 0.0000, 0.0000, 0.0000, 0.0000, 0.0000, 0.0000,
 -0.640, 0.0000, 0.0000, 0.0000, 0.0000, 0.0000, 0.0000, 0.0000, 0.0000,
 -0.620, 0.0000, 0.0000, 0.0000, 0.0000, 0.0000, 0.0000, 0.0000, 0.0000,
 -0.600, 0.0000, 0.0000, 0.0000, 0.0000, 0.0000, 0.0000, 0.0000, 0.0000,
 -0.580, 0.0000, 0.0000, 0.0000, 0.0000, 0.0000, 0.0000, 0.0000, 0.0000,
 -0.560, 0.0000, 0.0000, 0.0000, 0.0000, 0.0000, 0.0000, 0.0000, 0.0000,
 -0.540, 0.0000, 0.0000, 0.0000, 0.0000, 0.0000, 0.0000, 0.0000, 0.0000,
 -0.520, 0.0000, 0.0000, 0.0000, 0.0000, 0.0000, 0.0000, 0.0000, 0.0000,
 -0.500, 0.0000, 0.0000, 0.0000, 0.0000, 0.0000, 0.0000, 0.0000, 0.0000,
 -0.480, 0.0000, 0.0000, 0.0000, 0.0000, 0.0000, 0.0000, 0.0000, 0.0000,
 -0.460, 0.0000, 0.0000, 0.0000, 0.0000, 0.0000, 0.0000, 0.0000, 0.0000,
 -0.440, 0.0000, 0.0000, 0.0000, 0.0000, 0.0000, 0.0000, 0.0000, 0.0000,
 -0.420, 0.0000, 0.0000, 0.0000, 0.0000, 0.0000, 0.0000, 0.0000, 0.0000,
 -0.400, 0.0000, 0.0000, 0.0000, 0.0000, 0.0000, 0.0000, 0.0000, 0.0000,
 -0.380, 0.0000, 0.0000, 0.0000, 0.0000, 0.0000, 0.0000, 0.0000, 0.0000,
 -0.360, 0.0000, 0.0000, 0.0000, 0.0000, 0.0000, 0.0000, 0.0000, 0.0000,
 -0.340, 0.0000, 0.0000, 0.0000, 0.0000, 0.0000, 0.0000, 0.0000, 0.0000,
 -0.320, 0.0000, 0.0000, 0.0000, 0.0000, 0.0000, 0.0000, 0.0000, 0.0000,
 -0.300, 0.0000, 0.0000, 0.0000, 0.0000, 0.0000, 0.0000, 0.0000, 0.0000,
 -0.280, 0.0000, 0.0000, 0.0000, 0.0000, 0.0000, 0.0000, 0.0000, 0.0000,
 -0.260, 0.0000, 0.0000, 0.0000, 0.0000, 0.0000, 0.0000, 0.0000, 0.0000,
 -0.240, 0.0000, 0.0000, 0.0000, 0.0000, 0.0000, 0.0000, 0.0000, 0.0000,
 -0.220, 0.0000, 0.0000, 0.0000, 0.0000, 0.0000, 0.0000, 0.0000, 0.0000,
 -0.200, 0.0000, 0.0000, 0.0000, 0.0000, 0.0000, 0.0000, 0.0000, 0.0000,
 -0.180, 0.0000, 0.0000, 0.0000, 0.0000, 0.0000, 0.0000, 0.0000, 0.0000,
 -0.160, 0.0000, 0.0000, 0.0000, 0.0000, 0.0000, 0.0000, 0.0000, 0.0000,
 -0.140, 0.0000, 0.0000, 0.0000, 0.0000, 0.0000, 0.0000, 0.0000, 0.0000,
 -0.120, 0.0000, 0.0000, 0.0000, 0.0000, 0.0000, 0.0000, 0.0000, 0.0000,
 -0.100, 0.0000, 0.0000, 0.0000, 0.0000, 0.0000, 0.0000, 0.0000, 0.0000,
 -0.080, 0.0000, 0.0000, 0.0000, 0.0000, 0.0000, 0.0000, 0.0000, 0.0000,
 -0.060, 0.0000, 0.0000, 0.0000, 0.0000, 0.0000, 0.0000, 0.0000, 0.0000,
 -0.040, 0.0000, 0.0000, 0.0000, 0.0000, 0.0000, 0.0000, 0.0000, 0.0000,
 -0.020, 0.0000, 0.0000, 0.0000, 0.0000, 0.0000, 0.0000, 0.0000, 0.0000,
 -0.000, 0.0000, 0.0000, 0.0000, 0.0000, 0.0000, 0.0000, 0.0000, 0.0000,
  0.020,-0.3700,-0.0477, 0.0000, 0.0000, 0.0000,-0.0024,-0.0185,-0.0161,
  0.040,-0.3700,-0.0485, 0.0000, 0.0000, 0.0000,-0.0024,-0.0185,-0.0161,
  0.060,-0.3700,-0.0493, 0.0000, 0.0000, 0.0000,-0.0025,-0.0185,-0.0160,
  0.080,-0.3700,-0.0500, 0.0000, 0.0000, 0.0000,-0.0025,-0.0185,-0.0160,
  0.100,-0.3700,-0.0506, 0.0000, 0.0000, 0.0000,-0.0025,-0.0185,-0.0160,
  0.120,-0.3700,-0.0511, 0.0000, 0.0000, 0.0000,-0.0026,-0.0185,-0.0159,
  0.140,-0.3700,-0.0516, 0.0000, 0.0000, 0.0000,-0.0026,-0.0185,-0.0159,
  0.160,-0.3700,-0.0520, 0.0000, 0.0000, 0.0000,-0.0026,-0.0185,-0.0159,
  0.180,-0.3700,-0.0524, 0.0000, 0.0000, 0.0000,-0.0082,-0.0185,-0.0103,
  0.200,-0.3700,-0.0527, 0.0000, 0.0000, 0.0000,-0.0083,-0.0185,-0.0102,
  0.220,-0.3700,-0.0530, 0.0000, 0.0000, 0.0000,-0.0083,-0.0185,-0.0102,
  0.240,-0.3700,-0.0533, 0.0000, 0.0000, 0.0000,-0.0083,-0.0185,-0.0102,
  0.260,-0.3700,-0.0535, 0.0000, 0.0000, 0.0000,-0.0083,-0.0185,-0.0102,
  0.280,-0.3700,-0.0538, 0.0000, 0.0000, 0.0000,-0.0083,-0.0185,-0.0102,
  0.300,-0.3700,-0.0539, 0.0000, 0.0000, 0.0000,-0.0083,-0.0185,-0.0102,
  0.320,-0.3700,-0.0541, 0.0000, 0.0000, 0.0000,-0.0083,-0.0185,-0.0102,
  0.340,-0.3700,-0.0543, 0.0000, 0.0000, 0.0000,-0.0139,-0.0185,-0.0046,
  0.360,-0.3700,-0.0544, 0.0000, 0.0000, 0.0000,-0.0139,-0.0185,-0.0046,
  0.380,-0.3700,-0.0545, 0.0000, 0.0000, 0.0000,-0.0139,-0.0185,-0.0046,
  0.400,-0.3700,-0.0546, 0.0000, 0.0000, 0.0000,-0.0139,-0.0185,-0.0046,
  0.420,-0.3700,-0.0547, 0.0000, 0.0000, 0.0000,-0.0139,-0.0185,-0.0046,
  0.440,-0.3700,-0.0548, 0.0000, 0.0000, 0.0000,-0.0139,-0.0185,-0.0046,
  0.460,-0.3700,-0.0549, 0.0000, 0.0000, 0.0000,-0.0139,-0.0185,-0.0046,
  0.480,-0.3700,-0.0550, 0.0000, 0.0000, 0.0000,-0.0139,-0.0185,-0.0046,
  0.500,-0.3700,-0.0550, 0.0000, 0.0000, 0.0000,-0.0195,-0.0185, 0.0010,
  0.520,-0.3700,-0.0551, 0.0000, 0.0000, 0.0000,-0.0195,-0.0185, 0.0010,
  0.540,-0.3700,-0.0551, 0.0000, 0.0000, 0.0000,-0.0195,-0.0185, 0.0010,
  0.560,-0.3700,-0.0552, 0.0000, 0.0000, 0.0000,-0.0195,-0.0185, 0.0010,
  0.580,-0.3700,-0.0552, 0.0000, 0.0000, 0.0000,-0.0195,-0.0185, 0.0010,
  0.600,-0.3700,-0.0552, 0.0000, 0.0000, 0.0000,-0.0195,-0.0185, 0.0010,
  0.620,-0.3700,-0.0553, 0.0000, 0.0000, 0.0000,-0.0195,-0.0185, 0.0010,
  0.640,-0.3700,-0.0553, 0.0000, 0.0000, 0.0000,-0.0195,-0.0185, 0.0010,
  0.660,-0.3700,-0.0553, 0.0000, 0.0000, 0.0000,-0.0251,-0.0185, 0.0066,
  0.680,-0.3700,-0.0553, 0.0000, 0.0000, 0.0000,-0.0251,-0.0185, 0.0066,
  0.700,-0.3700,-0.0554, 0.0000, 0.0000, 0.0000,-0.0251,-0.0185, 0.0066,
  0.720,-0.3700,-0.0554, 0.0000, 0.0000, 0.0000,-0.0251,-0.0396,-0.0146,
  0.740,-0.3700,-0.0554, 0.0000, 0.0000, 0.0000,-0.0251,-0.0555,-0.0304,
  0.760,-0.3700,-0.0554, 0.0000, 0.0000, 0.0000,-0.0250,-0.0555,-0.0305,
  0.780,-0.3700,-0.0554, 0.0000, 0.0000, 0.0000,-0.0250,-0.0555,-0.0305,
  0.800,-0.3700,-0.0554, 0.0000, 0.0000, 0.0000,-0.0250,-0.0555,-0.0305,
  0.820,-0.3700,-0.0554,-0.0563, 0.0000, 0.0000,-0.0307,-0.0555,-0.0248,
  0.840,-0.3700,-0.0554,-0.0562, 0.0000, 0.0000,-0.0306,-0.0555,-0.0249,
  0.860,-0.3700,-0.0555,-0.0561, 0.0000, 0.0000,-0.0306,-0.0555,-0.0249,
  0.880,-0.3700,-0.0555,-0.0561, 0.0000, 0.0000,-0.0306,-0.0555,-0.0249,
  0.900,-0.3700,-0.0555,-0.0560, 0.0000, 0.0000,-0.0306,-0.0555,-0.0249,
  0.920,-0.3700,-0.0555,-0.0560, 0.0000, 0.0000,-0.0306,-0.0555,-0.0249,
  0.940,-0.3700,-0.0555,-0.0559, 0.0000, 0.0000,-0.0306,-0.0555,-0.0249,
  0.960,-0.3700,-0.0555,-0.0559, 0.0000, 0.0000,-0.0306,-0.0555,-0.0249,
  0.980,-0.3700,-0.0555,-0.0558, 0.0000, 0.0000,-0.0362,-0.0555,-0.0193,
  1.000,-0.3700,-0.0555,-0.0558, 0.0000, 0.0000,-0.0362,-0.0555,-0.0193,
  1.020,-0.3700,-0.0555,-0.0558, 0.0000, 0.0000,-0.0362,-0.0555,-0.0193,
  1.040,-0.3700,-0.0555,-0.0557, 0.0000, 0.0000,-0.0362,-0.0555,-0.0193,
  1.060,-0.3700,-0.0555,-0.0557, 0.0000, 0.0000,-0.0362,-0.0555,-0.0193,
  1.080,-0.3700,-0.0555,-0.0557, 0.0000, 0.0000,-0.0362,-0.0555,-0.0193,
  1.100,-0.3700,-0.0555,-0.0557, 0.0000, 0.0000,-0.0361,-0.0555,-0.0194,
  1.120,-0.3700,-0.0555,-0.0557, 0.0000, 0.0000,-0.0361,-0.0555,-0.0194,
  1.140,-0.3700,-0.0555,-0.0556, 0.0000, 0.0000,-0.0418,-0.0555,-0.0137,
  1.160,-0.3700,-0.0555,-0.0556, 0.0000, 0.0000,-0.0418,-0.0555,-0.0137,
  1.180,-0.3700,-0.0555,-0.0556, 0.0000, 0.0000,-0.0417,-0.0555,-0.0138,
  1.200,-0.3700,-0.0555,-0.0556, 0.0000, 0.0000,-0.0417,-0.0555,-0.0138,
  1.220,-0.3700,-0.0555,-0.0556, 0.0000, 0.0000,-0.0417,-0.0555,-0.0138,
  1.240,-0.3700,-0.0555,-0.0556, 0.0000, 0.0000,-0.0417,-0.0555,-0.0138,
  1.260,-0.3700,-0.0555,-0.0556, 0.0000, 0.0000,-0.0417,-0.0555,-0.0138,
  1.280,-0.3700,-0.0555,-0.0556, 0.0000, 0.0000,-0.0417,-0.0555,-0.0138,
  1.300,-0.3700,-0.0555,-0.0556, 0.0000, 0.0000,-0.0473,-0.0555,-0.0082,
  1.320,-0.3700,-0.0555,-0.0556, 0.0000, 0.0000,-0.0473,-0.0555,-0.0082,
  1.340,-0.3700,-0.0555,-0.0556, 0.0000, 0.0000,-0.0473,-0.0555,-0.0082,
  1.360,-0.3700,-0.0555,-0.0555, 0.0000, 0.0000,-0.0473,-0.0555,-0.0082,
  1.380,-0.3700,-0.0555,-0.0555, 0.0000, 0.0000,-0.0473,-0.0555,-0.0082,
  1.400,-0.3700,-0.0555,-0.0555, 0.0000, 0.0000,-0.0473,-0.0555,-0.0082,
  1.420,-0.3700,-0.0555,-0.0555, 0.0000, 0.0000,-0.0473,-0.0555,-0.0082,
  1.440,-0.3700,-0.0555,-0.0555, 0.0000, 0.0000,-0.0472,-0.0925,-0.0453,
  1.460,-0.3700,-0.0555,-0.0555, 0.0000, 0.0000,-0.0529,-0.0925,-0.0396,
  1.480,-0.3700,-0.0555,-0.0555, 0.0000, 0.0000,-0.0529,-0.0925,-0.0396,
  1.500,-0.3700,-0.0555,-0.0555, 0.0000, 0.0000,-0.0528,-0.0925,-0.0397,
  1.520,-0.3700,-0.0555,-0.0555, 0.0000, 0.0000,-0.0528,-0.0925,-0.0397,
  1.540,-0.3700,-0.0555,-0.0555, 0.0000, 0.0000,-0.0528,-0.0925,-0.0397,
  1.560,-0.3700,-0.0555,-0.0555, 0.0000, 0.0000,-0.0528,-0.0925,-0.0397,
  1.580,-0.3700,-0.0555,-0.0555, 0.0000, 0.0000,-0.0528,-0.0925,-0.0397,
  1.600,-0.3700,-0.0555,-0.0555, 0.0000, 0.0000,-0.0528,-0.0925,-0.0397,
  1.620,-0.3700,-0.0555,-0.0555, 0.0000, 0.0000,-0.0528,-0.0925,-0.0397,
  1.640,-0.3700,-0.0555,-0.0555,-0.0110, 0.0000,-0.0533,-0.0925,-0.0392,
  1.660,-0.3700,-0.0555,-0.0555,-0.0107, 0.0000,-0.0533,-0.0925,-0.0392,
  1.680,-0.3700,-0.0555,-0.0555,-0.0106, 0.0000,-0.0533,-0.0925,-0.0392,
  1.700,-0.3700,-0.0555,-0.0555,-0.0105, 0.0000,-0.0533,-0.0925,-0.0392,
  1.720,-0.3700,-0.0555,-0.0555,-0.0105, 0.0000,-0.0533,-0.0925,-0.0392,
  1.740,-0.3700,-0.0555,-0.0555,-0.0105, 0.0000,-0.0533,-0.0925,-0.0392,
  1.760,-0.3700,-0.0555,-0.0555,-0.0105, 0.0000,-0.0533,-0.0925,-0.0392,
  1.780,-0.3700,-0.0555,-0.0555,-0.0104, 0.0000,-0.0533,-0.0925,-0.0392,
  1.800,-0.3700,-0.0555,-0.0555,-0.0104, 0.0000,-0.0483,-0.0925,-0.0442,
  1.820,-0.3700,-0.0555,-0.0555,-0.0104, 0.0000,-0.0486,-0.0925,-0.0439,
  1.840,-0.3700,-0.0555,-0.0555,-0.0104, 0.0000,-0.0487,-0.0925,-0.0438,
  1.860,-0.3700,-0.0555,-0.0555,-0.0104, 0.0000,-0.0487,-0.0925,-0.0438,
  1.880,-0.3700,-0.0555,-0.0555,-0.0104, 0.0000,-0.0487,-0.0925,-0.0438,
  1.900,-0.3700,-0.0555,-0.0555,-0.0104, 0.0000,-0.0487,-0.0925,-0.0438,
  1.920,-0.3700,-0.0555,-0.0555,-0.0104, 0.0000,-0.0488,-0.0925,-0.0437,
  1.940,-0.3700,-0.0555,-0.0555,-0.0104, 0.0000,-0.0488,-0.0925,-0.0437,
  1.960,-0.3700,-0.0555,-0.0555,-0.0104, 0.0000,-0.0438,-0.0925,-0.0487,
  1.980,-0.3700,-0.0555,-0.0555,-0.0104, 0.0000,-0.0440,-0.0925,-0.0485,
  2.000,-0.3700,-0.0555,-0.0555,-0.0104, 0.0000,-0.0442,-0.0925,-0.0483,
  2.020,-0.3700,-0.0555,-0.0555,-0.0104, 0.0000,-0.0442,-0.0925,-0.0483,
  2.040,-0.3700,-0.0555,-0.0555,-0.0104, 0.0000,-0.0442,-0.0925,-0.0483,
  2.060,-0.3700,-0.0555,-0.0555,-0.0104, 0.0000,-0.0442,-0.0925,-0.0483,
  2.080,-0.3700,-0.0555,-0.0555,-0.0104, 0.0000,-0.0442,-0.0925,-0.0483,
  2.100,-0.3700,-0.0555,-0.0555,-0.0104, 0.0000,-0.0442,-0.0925,-0.0483,
  2.120,-0.3700,-0.0555,-0.0555,-0.0104, 0.0000,-0.0393,-0.0925,-0.0532,
  2.140,-0.3700,-0.0555,-0.0555,-0.0104, 0.0000,-0.0395,-0.0925,-0.0530,
  2.160,-0.3700,-0.0555,-0.0555,-0.0104, 0.0000,-0.0396,-0.1295,-0.0899,
  2.180,-0.3700,-0.0555,-0.0555,-0.0104, 0.0000,-0.0397,-0.1295,-0.0898,
  2.200,-0.3700,-0.0555,-0.0555,-0.0104, 0.0000,-0.0397,-0.1295,-0.0898,
  2.220,-0.3700,-0.0555,-0.0555,-0.0104, 0.0000,-0.0397,-0.1295,-0.0898,
  2.240,-0.3700,-0.0555,-0.0555,-0.0104, 0.0000,-0.0397,-0.1295,-0.0898,
  2.260,-0.3700,-0.0555,-0.0555,-0.0104, 0.0000,-0.0397,-0.1295,-0.0898,
  2.280,-0.3700,-0.0555,-0.0555,-0.0104, 0.0000,-0.0348,-0.1295,-0.0947,
  2.300,-0.3700,-0.0555,-0.0555,-0.0103, 0.0000,-0.0350,-0.1295,-0.0945,
  2.320,-0.3700,-0.0555,-0.0555,-0.0103, 0.0000,-0.0351,-0.1295,-0.0944,
  2.340,-0.3700,-0.0555,-0.0555,-0.0103, 0.0000,-0.0352,-0.1295,-0.0943,
  2.360,-0.3700,-0.0555,-0.0555,-0.0103, 0.0000,-0.0352,-0.1295,-0.0943,
  2.380,-0.3700,-0.0555,-0.0555,-0.0103, 0.0000,-0.0352,-0.1295,-0.0943,
  2.400,-0.3700,-0.0555,-0.0555,-0.0103, 0.0000,-0.0352,-0.1295,-0.0943,
  2.420,-0.3700,-0.0555,-0.0555,-0.0103, 0.0000,-0.0352,-0.1295,-0.0943,
  2.440,-0.3700,-0.0555,-0.0060,-0.0103, 0.0000,-0.0302,-0.1295,-0.0993,
  2.460,-0.3700,-0.0555,-0.0085,-0.0103, 0.0000,-0.0305,-0.1295,-0.0990,
  2.480,-0.3700,-0.0555,-0.0096,-0.0103, 0.0000,-0.0306,-0.1295,-0.0989,
  2.500,-0.3700,-0.0555,-0.0100,-0.0103, 0.0000,-0.0306,-0.1295,-0.0989,
  2.520,-0.3700,-0.0555,-0.0102,-0.0103, 0.0000,-0.0307,-0.1295,-0.0988,
  2.540,-0.3700,-0.0555,-0.0103,-0.0103, 0.0000,-0.0307,-0.1295,-0.0988,
  2.560,-0.3700,-0.0555,-0.0103,-0.0103, 0.0000,-0.0307,-0.1295,-0.0988,
  2.580,-0.3700,-0.0555,-0.0104,-0.0103, 0.0000,-0.0307,-0.1295,-0.0988,
  2.600,-0.3700,-0.0555,-0.0104,-0.0103, 0.0000,-0.0257,-0.1295,-0.1038,
  2.620,-0.3700,-0.0555,-0.0104,-0.0103, 0.0000,-0.0260,-0.1295,-0.1035,
  2.640,-0.3700,-0.0555,-0.0104,-0.0103, 0.0000,-0.0261,-0.1295,-0.1034,
  2.660,-0.3700,-0.0555,-0.0104,-0.0103, 0.0000,-0.0261,-0.1295,-0.1034,
  2.680,-0.3700,-0.0555,-0.0104,-0.0103, 0.0000,-0.0261,-0.1295,-0.1034,
  2.700,-0.3700,-0.0555,-0.0104,-0.0103, 0.0000,-0.0262,-0.1295,-0.1033,
  2.720,-0.3700,-0.0555,-0.0104,-0.0103, 0.0000,-0.0262,-0.1295,-0.1033,
  2.740,-0.3700,-0.0555,-0.0104,-0.0103, 0.0000,-0.0262,-0.1295,-0.1033,
  2.760,-0.3700,-0.0555,-0.0104,-0.0103, 0.0000,-0.0212,-0.1295,-0.1083,
  2.780,-0.3700,-0.0555,-0.0104,-0.0103, 0.0000,-0.0215,-0.1295,-0.1080,
  2.800,-0.3700,-0.0555,-0.0104,-0.0103, 0.0000,-0.0216,-0.1295,-0.1079,
  2.820,-0.3700,-0.0555,-0.0104,-0.0103, 0.0000,-0.0216,-0.1295,-0.1079,
  2.840,-0.3700,-0.0555,-0.0104,-0.0103, 0.0000,-0.0216,-0.1295,-0.1079,
  2.860,-0.3700,-0.0555,-0.0103,-0.0103, 0.0000,-0.0216,-0.1400,-0.1184,
  2.880,-0.3700,-0.0555,-0.0103,-0.0103, 0.0000,-0.0216,-0.1665,-0.1449,
  2.900,-0.3700,-0.0555,-0.0103,-0.0103, 0.0000,-0.0216,-0.1665,-0.1449,
  2.920,-0.3700,-0.0555,-0.0103,-0.0103, 0.0000,-0.0167,-0.1665,-0.1498,
  2.940,-0.3700,-0.0555,-0.0103,-0.0103, 0.0000,-0.0169,-0.1665,-0.1496,
  2.960,-0.3700,-0.0555,-0.0103,-0.0103, 0.0000,-0.0170,-0.1665,-0.1495,
  2.980,-0.3700,-0.0555,-0.0103,-0.0103, 0.0000,-0.0171,-0.1665,-0.1494,
  3.000,-0.3700,-0.0555,-0.0103,-0.0103, 0.0000,-0.0171,-0.1665,-0.1494,
  3.020,-0.3700,-0.0555,-0.0103,-0.0103, 0.0000,-0.0171,-0.1665,-0.1494,
  3.040,-0.3700,-0.0555,-0.0103,-0.0103, 0.0000,-0.0171,-0.1665,-0.1494,
  3.060,-0.3700,-0.0555,-0.0103,-0.0103, 0.0000,-0.0171,-0.1665,-0.1494,
  3.080,-0.3700,-0.0555,-0.0103,-0.0103, 0.0000,-0.0122,-0.1665,-0.1543,
  3.100,-0.3700,-0.0555,-0.0103,-0.0103, 0.0000,-0.0124,-0.1665,-0.1541,
  3.120,-0.3700,-0.0555,-0.0103,-0.0103, 0.0000,-0.0125,-0.1665,-0.1540,
  3.140,-0.3700,-0.0555,-0.0103,-0.0103, 0.0000,-0.0126,-0.1665,-0.1539,
  3.160,-0.3700,-0.0555,-0.0103,-0.0103, 0.0000,-0.0126,-0.1665,-0.1539,
  3.180,-0.3700,-0.0555,-0.0103,-0.0103, 0.0000,-0.0126,-0.1665,-0.1539,
  3.200,-0.3700,-0.0555,-0.0103,-0.0103, 0.0000,-0.0126,-0.1665,-0.1539,
  3.220,-0.3700,-0.0555,-0.0103,-0.0103, 0.0000,-0.0126,-0.1665,-0.1539,
  3.240,-0.3700,-0.0555,-0.0103,-0.0103, 0.0000,-0.0126,-0.1665,-0.1539,
  3.260,-0.3700, 0.0284,-0.0103,-0.0103, 0.0000,-0.0084,-0.1665,-0.1581,
  3.280,-0.3700, 0.0265,-0.0103,-0.0103, 0.0000,-0.0085,-0.1665,-0.1580,
  3.300,-0.3700, 0.0258,-0.0103,-0.0103, 0.0000,-0.0085,-0.1665,-0.1580,
  3.320,-0.3700, 0.0257,-0.0103,-0.0103, 0.0000,-0.0085,-0.1665,-0.1580,
  3.340,-0.3700, 0.0258,-0.0103,-0.0103, 0.0000,-0.0085,-0.1665,-0.1580,
  3.360,-0.3700, 0.0260,-0.0103,-0.0103, 0.0000,-0.0085,-0.1665,-0.1580,
  3.380,-0.3700, 0.0261,-0.0103,-0.0103, 0.0000,-0.0085,-0.1665,-0.1580,
  3.400,-0.3700, 0.0263,-0.0103,-0.0103, 0.0000,-0.0085,-0.1665,-0.1580,
  3.420,-0.3700, 0.0265,-0.0103,-0.0103, 0.0000,-0.0042,-0.1665,-0.1623,
  3.440,-0.3700, 0.0266,-0.0103,-0.0103, 0.0000,-0.0045,-0.1665,-0.1620,
  3.460,-0.3700, 0.0268,-0.0103,-0.0103, 0.0000,-0.0046,-0.1665,-0.1619,
  3.480,-0.3700, 0.0269,-0.0103,-0.0103, 0.0000,-0.0046,-0.1665,-0.1619,
  3.500,-0.3700, 0.0270,-0.0103,-0.0103, 0.0000,-0.0046,-0.1665,-0.1619,
  3.520,-0.3700, 0.0271,-0.0103,-0.0103, 0.0000,-0.0046,-0.1665,-0.1619,
  3.540,-0.3700, 0.0272,-0.0103,-0.0103, 0.0000,-0.0046,-0.1665,-0.1619,
  3.560,-0.3700, 0.0272,-0.0103,-0.0103, 0.0000,-0.0046,-0.1665,-0.1619,
  3.580,-0.3700, 0.0273,-0.0103,-0.0103, 0.0000,-0.0004,-0.1982,-0.1978,
  3.600,-0.3700, 0.0274,-0.0103,-0.0103, 0.0000,-0.0006,-0.2035,-0.2029,
  3.620,-0.3700, 0.0274,-0.0103,-0.0103, 0.0000,-0.0007,-0.2035,-0.2028,
  3.640,-0.3700, 0.0275,-0.0103,-0.0103, 0.0000,-0.0007,-0.2035,-0.2028,
  3.660,-0.3700, 0.0275,-0.0103,-0.0103, 0.0000,-0.0008,-0.2035,-0.2027,
  3.680,-0.3700, 0.0276,-0.0103,-0.0103, 0.0000,-0.0008,-0.2035,-0.2027,
  3.700,-0.3700, 0.0276,-0.0103,-0.0103, 0.0000,-0.0008,-0.2035,-0.2027,
  3.720,-0.3700, 0.0276,-0.0103,-0.0103, 0.0000,-0.0008,-0.2035,-0.2027,
  3.740,-0.3700, 0.0277,-0.0103,-0.0103, 0.0000, 0.0035,-0.2035,-0.2070,
  3.760,-0.3700, 0.0277,-0.0103,-0.0103, 0.0000, 0.0032,-0.2035,-0.2067,
  3.780,-0.3700, 0.0277,-0.0103,-0.0103, 0.0000, 0.0031,-0.2035,-0.2066,
  3.800,-0.3700, 0.0277,-0.0103,-0.0103, 0.0000, 0.0031,-0.2035,-0.2066,
  3.820,-0.3700, 0.0277,-0.0103,-0.0103, 0.0000, 0.0031,-0.2035,-0.2066,
  3.840,-0.3700, 0.0278,-0.0103,-0.0103, 0.0000, 0.0031,-0.2035,-0.2066,
  3.860,-0.3700, 0.0278,-0.0103,-0.0103, 0.0000, 0.0031,-0.2035,-0.2066,
  3.880,-0.3700, 0.0278,-0.0103,-0.0103, 0.0000, 0.0031,-0.2035,-0.2066,
  3.900,-0.3700, 0.0278,-0.0103,-0.0103, 0.0000, 0.0073,-0.2035,-0.2108,
  3.920,-0.3700, 0.0278,-0.0103,-0.0103, 0.0000, 0.0071,-0.2035,-0.2106,
  3.940,-0.3700, 0.0278,-0.0103,-0.0103, 0.0000, 0.0070,-0.2035,-0.2105,
  3.960,-0.3700, 0.0278,-0.0103,-0.0103, 0.0000, 0.0069,-0.2035,-0.2104,
  3.980,-0.3700, 0.0278,-0.0103,-0.0103, 0.0000, 0.0069,-0.2035,-0.2104,
  4.000,-0.3700, 0.0278,-0.0103,-0.0103, 0.0000, 0.0069,-0.2035,-0.2104,
  4.020,-0.3700, 0.0278,-0.0103,-0.0103, 0.0000, 0.0069,-0.2035,-0.2104,
  4.040,-0.3700, 0.0279,-0.0103,-0.0103, 0.0000, 0.0069,-0.2035,-0.2104,
  4.060,-0.3700, 0.0279, 0.0323,-0.0103, 0.0000, 0.0111,-0.2035,-0.2146,
  4.080,-0.3700, 0.0279, 0.0299,-0.0103, 0.0000, 0.0109,-0.2035,-0.2144,
  4.100,-0.3700, 0.0279, 0.0289,-0.0103, 0.0000, 0.0108,-0.2035,-0.2143,
  4.120,-0.3700, 0.0279, 0.0284,-0.0103, 0.0000, 0.0107,-0.2035,-0.2142,
  4.140,-0.3700, 0.0279, 0.0282,-0.0103, 0.0000, 0.0107,-0.2035,-0.2142,
  4.160,-0.3700, 0.0279, 0.0281,-0.0103, 0.0000, 0.0107,-0.2035,-0.2142,
  4.180,-0.3700, 0.0279, 0.0281,-0.0103, 0.0000, 0.0107,-0.2035,-0.2142,
  4.200,-0.3700, 0.0279, 0.0280,-0.0103, 0.0000, 0.0107,-0.2035,-0.2142,
  4.220,-0.3700, 0.0279, 0.0280,-0.0103, 0.0000, 0.0150,-0.2035,-0.2185,
  4.240,-0.3700, 0.0279, 0.0280,-0.0103, 0.0000, 0.0147,-0.2035,-0.2182,
  4.260,-0.3700, 0.0279, 0.0280,-0.0103, 0.0000, 0.0146,-0.2035,-0.2181,
  4.280,-0.3700, 0.0279, 0.0280,-0.0103, 0.0000, 0.0146,-0.2035,-0.2181,
  4.300,-0.3700, 0.0279, 0.0280,-0.0103, 0.0000, 0.0146,-0.2405,-0.2551,
  4.320,-0.3700, 0.0279, 0.0280,-0.0103, 0.0000, 0.0145,-0.2405,-0.2550,
  4.340,-0.3700, 0.0279, 0.0279,-0.0103, 0.0000, 0.0145,-0.2405,-0.2550,
  4.360,-0.3700, 0.0279, 0.0279,-0.0103, 0.0000, 0.0145,-0.2405,-0.2550,
  4.380,-0.3700, 0.0279, 0.0279,-0.0103, 0.0000, 0.0188,-0.2405,-0.2593,
  4.400,-0.3700, 0.0279, 0.0279,-0.0103, 0.0000, 0.0186,-0.2405,-0.2591,
  4.420,-0.3700, 0.0279, 0.0279,-0.0103, 0.0000, 0.0184,-0.2405,-0.2589,
  4.440,-0.3700, 0.0279, 0.0279,-0.0103, 0.0000, 0.0184,-0.2405,-0.2589,
  4.460,-0.3700, 0.0279, 0.0279,-0.0103, 0.0000, 0.0184,-0.2405,-0.2589,
  4.480,-0.3700, 0.0279, 0.0279,-0.0103, 0.0000, 0.0184,-0.2405,-0.2589,
  4.500,-0.3700, 0.0279, 0.0279,-0.0103, 0.0000, 0.0184,-0.2405,-0.2589,
  4.520,-0.3700, 0.0279, 0.0279,-0.0103, 0.0000, 0.0184,-0.2405,-0.2589,
  4.540,-0.3700, 0.0279, 0.0279,-0.0103, 0.0000, 0.0226,-0.2405,-0.2631,
  4.560,-0.3700, 0.0279, 0.0279,-0.0103, 0.0000, 0.0224,-0.2405,-0.2629,
  4.580,-0.3700, 0.0279, 0.0279,-0.0103, 0.0000, 0.0223,-0.2405,-0.2628,
  4.600,-0.3700, 0.0279, 0.0279,-0.0103, 0.0000, 0.0222,-0.2405,-0.2627,
  4.620,-0.3700, 0.0279, 0.0279,-0.0103, 0.0000, 0.0222,-0.2405,-0.2627,
  4.640,-0.3700, 0.0279, 0.0279,-0.0103, 0.0000, 0.0222,-0.2405,-0.2627,
  4.660,-0.3700, 0.0279, 0.0279,-0.0103, 0.0000, 0.0222,-0.2405,-0.2627,
  4.680,-0.3700, 0.0279, 0.0279,-0.0103, 0.0000, 0.0222,-0.2405,-0.2627,
  4.700,-0.3700, 0.0279, 0.0279,-0.0103, 0.0000, 0.0264,-0.2405,-0.2669,
  4.720,-0.3700, 0.0279, 0.0279,-0.0103, 0.0000, 0.0262,-0.2405,-0.2667,
  4.740,-0.3700, 0.0279, 0.0279,-0.0103, 0.0000, 0.0261,-0.2405,-0.2666,
  4.760,-0.3700, 0.0279, 0.0279,-0.0103, 0.0000, 0.0260,-0.2405,-0.2665,
  4.780,-0.3700, 0.0279, 0.0279,-0.0103, 0.0000, 0.0260,-0.2405,-0.2665,
  4.800,-0.3700, 0.0279, 0.0279,-0.0103, 0.0000, 0.0260,-0.2405,-0.2665,
  4.820,-0.3700, 0.0279, 0.0279,-0.0103, 0.0000, 0.0260,-0.2405,-0.2665,
  4.840,-0.3700, 0.0279, 0.0279,-0.0103, 0.0000, 0.0260,-0.2405,-0.2665,
  4.860,-0.3700, 0.0279, 0.0279,-0.0103, 0.0000, 0.0260,-0.2405,-0.2665,
  4.880,-0.3700, 0.0279, 0.0279, 0.0001, 0.0000, 0.0265,-0.2405,-0.2670,
  4.900,-0.3700, 0.0279, 0.0279,-0.0006, 0.0000, 0.0265,-0.2405,-0.2670,
  4.920,-0.3700, 0.0279, 0.0279,-0.0007, 0.0000, 0.0265,-0.2405,-0.2670,
  4.940,-0.3700, 0.0279, 0.0279,-0.0010, 0.0000, 0.0265,-0.2405,-0.2670,
  4.960,-0.3700, 0.0279, 0.0279,-0.0010, 0.0000, 0.0265,-0.2405,-0.2670,
  4.980,-0.3700, 0.0279, 0.0279,-0.0011, 0.0000, 0.0265,-0.2405,-0.2670,
  5.000,-0.3700, 0.0279, 0.0279,-0.0011, 0.0000, 0.0265,-0.2405,-0.2670,
  5.020,-0.3700, 0.0279, 0.0279,-0.0011, 0.0000, 0.0265,-0.2775,-0.3040,
  5.040,-0.3700, 0.0279, 0.0279,-0.0011, 0.0000, 0.0266,-0.2775,-0.3041,
  5.060,-0.3700, 0.0279, 0.0279,-0.0011, 0.0000, 0.0242,-0.2775,-0.3017,
  5.080,-0.3700, 0.0279, 0.0279,-0.0011, 0.0000, 0.0243,-0.2775,-0.3018,
  5.100,-0.3700, 0.0279, 0.0279,-0.0011, 0.0000, 0.0237,-0.2775,-0.3012,
  5.120,-0.3700, 0.0279, 0.0279,-0.0011, 0.0000, 0.0237,-0.2775,-0.3012,
  5.140,-0.3700, 0.0279, 0.0279,-0.0011, 0.0000, 0.0236,-0.2775,-0.3011,
  5.160,-0.3700, 0.0279, 0.0279,-0.0011, 0.0000, 0.0236,-0.2775,-0.3011,
  5.180,-0.3700, 0.0279, 0.0279,-0.0011, 0.0000, 0.0235,-0.2775,-0.3010,
  5.200,-0.3700, 0.0279, 0.0279,-0.0011, 0.0000, 0.0237,-0.2775,-0.3012,
  5.220,-0.3700, 0.0279, 0.0279,-0.0011, 0.0000, 0.0213,-0.2775,-0.2988,
  5.240,-0.3700, 0.0279, 0.0279,-0.0011, 0.0000, 0.0214,-0.2775,-0.2989,
  5.260,-0.3700, 0.0279, 0.0279,-0.0011, 0.0000, 0.0208,-0.2775,-0.2983,
  5.280,-0.3700, 0.0279, 0.0279,-0.0011, 0.0000, 0.0208,-0.2775,-0.2983,
  5.300,-0.3700, 0.0279, 0.0279,-0.0011, 0.0000, 0.0207,-0.2775,-0.2982,
  5.320,-0.3700, 0.0279, 0.0279,-0.0011, 0.0000, 0.0207,-0.2775,-0.2982,
  5.340,-0.3700, 0.0279, 0.0279,-0.0011, 0.0000, 0.0206,-0.2775,-0.2981,
  5.360,-0.3700, 0.0279, 0.0279,-0.0011, 0.0000, 0.0208,-0.2775,-0.2983,
  5.380,-0.3700, 0.0279, 0.0279,-0.0011, 0.0000, 0.0184,-0.2775,-0.2959,
  5.400,-0.3700, 0.0279, 0.0279,-0.0011, 0.0000, 0.0185,-0.2775,-0.2960,
  5.420,-0.3700, 0.0279, 0.0279,-0.0011, 0.0000, 0.0179,-0.2775,-0.2954,
  5.440,-0.3700, 0.0279, 0.0279,-0.0011, 0.0000, 0.0179,-0.2775,-0.2954,
  5.460,-0.3700, 0.0279, 0.0279,-0.0011, 0.0000, 0.0177,-0.2775,-0.2952,
  5.480,-0.3700, 0.0279, 0.0279,-0.0011, 0.0000, 0.0178,-0.2775,-0.2953,
  5.500,-0.3700, 0.0279, 0.0279,-0.0011, 0.0000, 0.0177,-0.2775,-0.2952,
  5.520,-0.3700, 0.0279, 0.0279,-0.0011, 0.0000, 0.0179,-0.2775,-0.2954,
  5.540,-0.3700, 0.0279, 0.0279,-0.0011, 0.0000, 0.0155,-0.2775,-0.2930,
  5.560,-0.3700, 0.0279, 0.0279,-0.0011, 0.0000, 0.0156,-0.2775,-0.2931,
  5.580,-0.3700, 0.0279, 0.0279,-0.0011, 0.0000, 0.0150,-0.2775,-0.2925,
  5.600,-0.3700, 0.0279, 0.0279,-0.0011, 0.0000, 0.0150,-0.2775,-0.2925,
  5.620,-0.3700, 0.0279, 0.0279,-0.0011, 0.0000, 0.0148,-0.2775,-0.2923,
  5.640,-0.3700, 0.0279, 0.0279,-0.0011, 0.0000, 0.0149,-0.2775,-0.2924,
  5.660,-0.3700, 0.0279, 0.0279,-0.0011, 0.0000, 0.0148,-0.2775,-0.2923,
  5.680,-0.3700, 0.0279, 0.0291,-0.0011, 0.0000, 0.0150,-0.2775,-0.2925,
  5.700,-0.3700, 0.0279, 0.0054,-0.0011, 0.0000, 0.0126,-0.2775,-0.2901,
  5.720,-0.3700, 0.0279, 0.0065,-0.0011, 0.0000, 0.0127,-0.2986,-0.3113,
  5.740,-0.3700, 0.0279, 0.0001,-0.0011, 0.0000, 0.0121,-0.3145,-0.3266,
  5.760,-0.3700, 0.0279, 0.0002,-0.0011, 0.0000, 0.0121,-0.3145,-0.3266,
  5.780,-0.3700, 0.0279,-0.0010,-0.0011, 0.0000, 0.0119,-0.3145,-0.3264,
  5.800,-0.3700, 0.0279,-0.0008,-0.0011, 0.0000, 0.0120,-0.3145,-0.3265,
  5.820,-0.3700, 0.0279,-0.0011,-0.0011, 0.0000, 0.0119,-0.3145,-0.3264,
  5.840,-0.3700, 0.0279,-0.0011,-0.0011, 0.0000, 0.0121,-0.3145,-0.3266,
  5.860,-0.3700, 0.0279,-0.0011,-0.0011, 0.0000, 0.0097,-0.3145,-0.3242,
  5.880,-0.3700, 0.0279,-0.0011,-0.0011, 0.0000, 0.0098,-0.3145,-0.3243,
  5.900,-0.3700, 0.0279,-0.0011,-0.0011, 0.0000, 0.0092,-0.3145,-0.3237,
  5.920,-0.3700, 0.0279,-0.0011,-0.0011, 0.0000, 0.0092,-0.3145,-0.3237,
  5.940,-0.3700, 0.0279,-0.0011,-0.0011, 0.0000, 0.0090,-0.3145,-0.3235,
  5.960,-0.3700, 0.0279,-0.0011,-0.0011, 0.0000, 0.0091,-0.3145,-0.3236,
  5.980,-0.3700, 0.0279,-0.0011,-0.0011, 0.0000, 0.0090,-0.3145,-0.3235,
  6.000,-0.3700, 0.0279,-0.0011,-0.0011, 0.0000, 0.0091,-0.3145,-0.3236,
  6.020,-0.3700, 0.0279,-0.0011,-0.0011, 0.0000, 0.0068,-0.3145,-0.3213,
  6.040,-0.3700, 0.0279,-0.0011,-0.0011, 0.0000, 0.0069,-0.3145,-0.3214,
  6.060,-0.3700, 0.0279,-0.0011,-0.0011, 0.0000, 0.0062,-0.3145,-0.3207,
  6.080,-0.3700, 0.0279,-0.0011,-0.0011, 0.0000, 0.0063,-0.3145,-0.3208,
  6.100,-0.3700, 0.0279,-0.0011,-0.0011, 0.0000, 0.0061,-0.3145,-0.3206,
  6.120,-0.3700, 0.0279,-0.0011,-0.0011, 0.0000, 0.0062,-0.3145,-0.3207,
  6.140,-0.3700, 0.0279,-0.0011,-0.0011, 0.0000, 0.0061,-0.3145,-0.3206,
  6.160,-0.3700, 0.0279,-0.0011,-0.0011, 0.0000, 0.0062,-0.3145,-0.3207,
  6.180,-0.3700, 0.0279,-0.0011,-0.0011, 0.0000, 0.0039,-0.3145,-0.3184,
  6.200,-0.3700, 0.0279,-0.0011,-0.0011, 0.0000, 0.0040,-0.3145,-0.3185,
  6.220,-0.3700, 0.0279,-0.0011,-0.0011, 0.0000, 0.0033,-0.3145,-0.3178,
  6.240,-0.3700, 0.0279,-0.0011,-0.0011, 0.0000, 0.0034,-0.3145,-0.3179,
  6.260,-0.3700, 0.0279,-0.0011,-0.0011, 0.0000, 0.0032,-0.3145,-0.3177,
  6.280,-0.3700, 0.0279,-0.0011,-0.0011, 0.0000, 0.0032,-0.3145,-0.3177,
  6.300,-0.3700, 0.0279,-0.0011,-0.0011, 0.0000, 0.0032,-0.3145,-0.3177,
  6.320,-0.3700, 0.0279,-0.0011,-0.0011, 0.0000, 0.0033,-0.3145,-0.3178,
  6.340,-0.3700, 0.0279,-0.0011,-0.0011, 0.0000, 0.0010,-0.3145,-0.3155,
  6.360,-0.3700, 0.0279,-0.0011,-0.0011, 0.0000, 0.0011,-0.3145,-0.3156,
  6.380,-0.3700, 0.0279,-0.0011,-0.0011, 0.0000, 0.0004,-0.3145,-0.3149,
  6.400,-0.3700, 0.0279,-0.0011,-0.0011, 0.0000, 0.0005,-0.3145,-0.3150,
  6.420,-0.3700, 0.0279,-0.0011,-0.0011, 0.0000, 0.0003,-0.3145,-0.3148,
  6.440,-0.3700, 0.0279,-0.0011,-0.0011, 0.0000, 0.0003,-0.3515,-0.3518,
  6.460,-0.3700, 0.0279,-0.0011,-0.0011, 0.0000, 0.0003,-0.3515,-0.3518,
  6.480,-0.3700, 0.0279,-0.0011,-0.0011, 0.0000, 0.0003,-0.3515,-0.3518,
  6.500,-0.3700, 0.0292,-0.0011,-0.0011, 0.0000, 0.0004,-0.3515,-0.3519,
  6.520,-0.3700,-0.0061,-0.0011,-0.0011, 0.0000,-0.0014,-0.3515,-0.3501,
  6.540,-0.3700,-0.0057,-0.0011,-0.0011, 0.0000,-0.0014,-0.3515,-0.3501,
  6.560,-0.3700,-0.0154,-0.0011,-0.0011, 0.0000,-0.0018,-0.3515,-0.3497,
  6.580,-0.3700,-0.0161,-0.0011,-0.0011, 0.0000,-0.0019,-0.3515,-0.3496,
  6.600,-0.3700,-0.0183,-0.0011,-0.0011, 0.0000,-0.0020,-0.3515,-0.3495,
  6.620,-0.3700,-0.0189,-0.0011,-0.0011, 0.0000,-0.0020,-0.3515,-0.3495,
  6.640,-0.3700,-0.0199,-0.0011,-0.0011, 0.0000,-0.0021,-0.3515,-0.3494,
  6.660,-0.3700,-0.0204,-0.0011,-0.0011, 0.0000,-0.0020,-0.3515,-0.3495,
  6.680,-0.3700,-0.0211,-0.0011,-0.0011, 0.0000,-0.0041,-0.3515,-0.3474,
  6.700,-0.3700,-0.0216,-0.0011,-0.0011, 0.0000,-0.0040,-0.3515,-0.3475,
  6.720,-0.3700,-0.0221,-0.0011,-0.0011, 0.0000,-0.0046,-0.3515,-0.3469,
  6.740,-0.3700,-0.0225,-0.0011,-0.0011, 0.0000,-0.0046,-0.3515,-0.3469,
  6.760,-0.3700,-0.0228,-0.0011,-0.0011, 0.0000,-0.0047,-0.3515,-0.3468,
  6.780,-0.3700,-0.0231,-0.0011,-0.0011, 0.0000,-0.0047,-0.3515,-0.3468,
  6.800,-0.3700,-0.0234,-0.0011,-0.0011, 0.0000,-0.0048,-0.3515,-0.3467,
  6.820,-0.3700,-0.0237,-0.0011,-0.0011, 0.0000,-0.0047,-0.3515,-0.3468,
  6.840,-0.3700,-0.0239,-0.0011,-0.0011, 0.0000,-0.0068,-0.3515,-0.3447,
  6.860,-0.3700,-0.0241,-0.0011,-0.0011, 0.0000,-0.0067,-0.3515,-0.3448,
  6.880,-0.3700,-0.0243,-0.0011,-0.0011, 0.0000,-0.0072,-0.3515,-0.3443,
  6.900,-0.3700,-0.0245,-0.0011,-0.0011, 0.0000,-0.0072,-0.3515,-0.3443,
  6.920,-0.3700,-0.0246,-0.0011,-0.0011, 0.0000,-0.0073,-0.3515,-0.3442,
  6.940,-0.3700,-0.0247,-0.0011,-0.0011, 0.0000,-0.0073,-0.3515,-0.3442,
  6.960,-0.3700,-0.0249,-0.0011,-0.0011, 0.0000,-0.0073,-0.3515,-0.3442,
  6.980,-0.3700,-0.0250,-0.0011,-0.0011, 0.0000,-0.0072,-0.3515,-0.3443,
  7.000,-0.3700,-0.0251,-0.0011,-0.0011, 0.0000,-0.0093,-0.3515,-0.3422,
  7.020,-0.3700,-0.0251,-0.0011,-0.0011, 0.0000,-0.0092,-0.3515,-0.3423,
  7.040,-0.3700,-0.0252,-0.0011,-0.0011, 0.0000,-0.0098,-0.3515,-0.3417,
  7.060,-0.3700,-0.0253,-0.0011,-0.0011, 0.0000,-0.0097,-0.3515,-0.3418,
  7.080,-0.3700,-0.0253,-0.0011,-0.0011, 0.0000,-0.0098,-0.3515,-0.3417,
  7.100,-0.3700,-0.0254,-0.0011,-0.0011, 0.0000,-0.0098,-0.3515,-0.3417,
  7.120,-0.3700,-0.0254,-0.0011,-0.0011, 0.0000,-0.0098,-0.3515,-0.3417,
  7.140,-0.3700,-0.0255,-0.0011,-0.0011, 0.0000,-0.0097,-0.3515,-0.3418,
  7.160,-0.3700,-0.0258,-0.0011,-0.2963,-0.3700,-0.0266,-0.3700,-0.3434,
  7.180,-0.3700,-0.0258,-0.0011,-0.2970,-0.3700,-0.0265,-0.3700,-0.3435,
  7.200,-0.3700,-0.0258,-0.0011,-0.2975,-0.3700,-0.0271,-0.3700,-0.3429,
  7.220,-0.3700,-0.0258,-0.0011,-0.2979,-0.3700,-0.0271,-0.3700,-0.3429,
  7.240,-0.3700,-0.0258,-0.0011,-0.2981,-0.3700,-0.0272,-0.3700,-0.3428,
  7.260,-0.3700,-0.0258,-0.0011,-0.2983,-0.3700,-0.0272,-0.3700,-0.3428,
  7.280,-0.3700,-0.0258,-0.0011,-0.2984,-0.3700,-0.0272,-0.3700,-0.3428,
  7.300,-0.3700,-0.0258,-0.0001,-0.2985,-0.3700,-0.0271,-0.3700,-0.3429,
  7.320,-0.3700,-0.0258,-0.0210,-0.2986,-0.3700,-0.0596,-0.3700,-0.3104,
  7.340,-0.3700,-0.0258,-0.0199,-0.2986,-0.3700,-0.0593,-0.3700,-0.3107,
  7.360,-0.3700,-0.0258,-0.0255,-0.2987,-0.3700,-0.0597,-0.3700,-0.3103,
  7.380,-0.3700,-0.0258,-0.0253,-0.2987,-0.3700,-0.0596,-0.3700,-0.3104,
  7.400,-0.3700,-0.0258,-0.0264,-0.2987,-0.3700,-0.0596,-0.3700,-0.3104,
  7.420,-0.3700,-0.0258,-0.0261,-0.2987,-0.3700,-0.0595,-0.3700,-0.3105,
  7.440,-0.3700,-0.0258,-0.0264,-0.2987,-0.3700,-0.0595,-0.3700,-0.3105,
  7.460,-0.3700,-0.0258,-0.0262,-0.2987,-0.3700,-0.0594,-0.3700,-0.3106,
  7.480,-0.3700,-0.0258,-0.0263,-0.2988,-0.3700,-0.0919,-0.3700,-0.2781,
  7.500,-0.3700,-0.0258,-0.0262,-0.2988,-0.3700,-0.0915,-0.3700,-0.2785,
  7.520,-0.3700,-0.0258,-0.0262,-0.2988,-0.3700,-0.0920,-0.3700,-0.2780,
  7.540,-0.3700,-0.0258,-0.0261,-0.2988,-0.3700,-0.0918,-0.3700,-0.2782,
  7.560,-0.3700,-0.0258,-0.0261,-0.2988,-0.3700,-0.0919,-0.3700,-0.2781,
  7.580,-0.3700,-0.0258,-0.0261,-0.2988,-0.3700,-0.0918,-0.3700,-0.2782,
  7.600,-0.3700,-0.0258,-0.0260,-0.2988,-0.3700,-0.0918,-0.3700,-0.2782,
  7.620,-0.3700,-0.0258,-0.0260,-0.2988,-0.3700,-0.0916,-0.3700,-0.2784,
  7.640,-0.3700,-0.0258,-0.0260,-0.2988,-0.3700,-0.1241,-0.3700,-0.2459,
  7.660,-0.3700,-0.0258,-0.0260,-0.2988,-0.3700,-0.1238,-0.3700,-0.2462,
  7.680,-0.3700,-0.0258,-0.0259,-0.2988,-0.3700,-0.1242,-0.3700,-0.2458,
  7.700,-0.3700,-0.0258,-0.0259,-0.2988,-0.3700,-0.1241,-0.3700,-0.2459,
  7.720,-0.3700,-0.0258,-0.0259,-0.2988,-0.3700,-0.1241,-0.3700,-0.2459,
  7.740,-0.3700,-0.0258,-0.0259,-0.2988,-0.3700,-0.1240,-0.3700,-0.2460,
  7.760,-0.3700,-0.0258,-0.0259,-0.2988,-0.3700,-0.1240,-0.3700,-0.2460,
  7.780,-0.3700,-0.0258,-0.0259,-0.2988,-0.3700,-0.1238,-0.3700,-0.2462,
  7.800,-0.3700,-0.0258,-0.0259,-0.2988,-0.3700,-0.1563,-0.3700,-0.2137,
  7.820,-0.3700,-0.0258,-0.0259,-0.2988,-0.3700,-0.1560,-0.3700,-0.2140,
  7.840,-0.3700,-0.0258,-0.0259,-0.2988,-0.3700,-0.1564,-0.3700,-0.2136,
  7.860,-0.3700,-0.0258,-0.0259,-0.2988,-0.3700,-0.1563,-0.3700,-0.2137,
  7.880,-0.3700,-0.0258,-0.0259,-0.2988,-0.3700,-0.1563,-0.3700,-0.2137,
  7.900,-0.3700,-0.0258,-0.0258,-0.2988,-0.3700,-0.1562,-0.3700,-0.2138,
  7.920,-0.3700,-0.0258,-0.0258,-0.2988,-0.3700,-0.1562,-0.3700,-0.2138,
  7.940,-0.3700,-0.0258,-0.0258,-0.2988,-0.3700,-0.1561,-0.3700,-0.2139,
  7.960,-0.3700,-0.0258,-0.3298,-0.2988,-0.3700,-0.1885,-0.3700,-0.1815,
  7.980,-0.3700,-0.0258,-0.3280,-0.2988,-0.3700,-0.1882,-0.3700,-0.1818,
  8.000,-0.3700,-0.0258,-0.3267,-0.2988,-0.3700,-0.1886,-0.3700,-0.1814,
  8.020,-0.3700,-0.0258,-0.3258,-0.2988,-0.3700,-0.1885,-0.3700,-0.1815,
  8.040,-0.3700,-0.0258,-0.3251,-0.2988,-0.3700,-0.1886,-0.3700,-0.1814,
  8.060,-0.3700,-0.0258,-0.3246,-0.2988,-0.3700,-0.1885,-0.3700,-0.1815,
  8.080,-0.3700,-0.0258,-0.3243,-0.2988,-0.3700,-0.1885,-0.3700,-0.1815,
  8.100,-0.3700,-0.0258,-0.3241,-0.2988,-0.3700,-0.1884,-0.3700,-0.1816,
  8.120,-0.3700,-0.0258,-0.3239,-0.2978,-0.3700,-0.2187,-0.3700,-0.1513,
  8.140,-0.3700,-0.0258,-0.3238,-0.3144,-0.3700,-0.2194,-0.3700,-0.1506,
  8.160,-0.3700,-0.0258,-0.3237,-0.3127,-0.3700,-0.2191,-0.3700,-0.1509,
  8.180,-0.3700,-0.0258,-0.3236,-0.3173,-0.3700,-0.2193,-0.3700,-0.1507,
  8.200,-0.3700,-0.0258,-0.3235,-0.3165,-0.3700,-0.2191,-0.3700,-0.1509,
  8.220,-0.3700,-0.0258,-0.3235,-0.3170,-0.3700,-0.2191,-0.3700,-0.1509,
  8.240,-0.3700,-0.0258,-0.3235,-0.3164,-0.3700,-0.2190,-0.3700,-0.1510,
  8.260,-0.3700,-0.0258,-0.3235,-0.3163,-0.3700,-0.2190,-0.3700,-0.1510,
  8.280,-0.3700,-0.0258,-0.3235,-0.3160,-0.3700,-0.2495,-0.3700,-0.1205,
  8.300,-0.3700,-0.0258,-0.3235,-0.3159,-0.3700,-0.2479,-0.3700,-0.1221,
  8.320,-0.3700,-0.0258,-0.3234,-0.3157,-0.3700,-0.2481,-0.3700,-0.1219,
  8.340,-0.3700,-0.0258,-0.3234,-0.3157,-0.3700,-0.2474,-0.3700,-0.1226,
  8.360,-0.3700,-0.0258,-0.3234,-0.3156,-0.3700,-0.2476,-0.3700,-0.1224,
  8.380,-0.3700,-0.0258,-0.3234,-0.3156,-0.3700,-0.2476,-0.3700,-0.1224,
  8.400,-0.3700,-0.0258,-0.3234,-0.3155,-0.3700,-0.2477,-0.3700,-0.1223,
  8.420,-0.3700,-0.0258,-0.3234,-0.3155,-0.3700,-0.2477,-0.3700,-0.1223,
  8.440,-0.3700,-0.0258,-0.3234,-0.3155,-0.3700,-0.2782,-0.3700,-0.0918,
  8.460,-0.3700,-0.0258,-0.3234,-0.3154,-0.3700,-0.2767,-0.3700,-0.0933,
  8.480,-0.3700,-0.0258,-0.3234,-0.3154,-0.3700,-0.2769,-0.3700,-0.0931,
  8.500,-0.3700,-0.0258,-0.3234,-0.3154,-0.3700,-0.2763,-0.3700,-0.0937,
  8.520,-0.3700,-0.0258,-0.3234,-0.3154,-0.3700,-0.2765,-0.3700,-0.0935,
  8.540,-0.3700,-0.0258,-0.3234,-0.3154,-0.3700,-0.2765,-0.3700,-0.0935,
  8.560,-0.3700,-0.0258,-0.3234,-0.3154,-0.3700,-0.2766,-0.3700,-0.0934,
  8.580,-0.3700,-0.0258,-0.3234,-0.3154,-0.3700,-0.2766,-0.3700,-0.0934,
  8.600,-0.3700,-0.0258,-0.3234,-0.3154,-0.3700,-0.3072,-0.3700,-0.0628,
  8.620,-0.3700,-0.0258,-0.3234,-0.3154,-0.3700,-0.3056,-0.3700,-0.0644,
  8.640,-0.3700,-0.0258,-0.3234,-0.3154,-0.3700,-0.3059,-0.3700,-0.0641,
  8.660,-0.3700,-0.0258,-0.3234,-0.3154,-0.3700,-0.3053,-0.3700,-0.0647,
  8.680,-0.3700,-0.0258,-0.3234,-0.3154,-0.3700,-0.3054,-0.3700,-0.0646,
  8.700,-0.3700,-0.0258,-0.3234,-0.3154,-0.3700,-0.3054,-0.3700,-0.0646,
  8.720,-0.3700,-0.0258,-0.3234,-0.3154,-0.3700,-0.3055,-0.3700,-0.0645,
  8.740,-0.3700,-0.0258,-0.3234,-0.3154,-0.3700,-0.3056,-0.3700,-0.0644,
  8.760,-0.3700,-0.0258,-0.3234,-0.3154,-0.3700,-0.3057,-0.3700,-0.0643,
  8.780,-0.3700,-0.5278,-0.3234,-0.3153,-0.3700,-0.3295,-0.3700,-0.0405,
  8.800,-0.3700,-0.5267,-0.3234,-0.3153,-0.3700,-0.3298,-0.3700,-0.0402,
  8.820,-0.3700,-0.5259,-0.3234,-0.3153,-0.3700,-0.3292,-0.3700,-0.0408,
  8.840,-0.3700,-0.5254,-0.3234,-0.3153,-0.3700,-0.3294,-0.3700,-0.0406,
  8.860,-0.3700,-0.5250,-0.3234,-0.3153,-0.3700,-0.3294,-0.3700,-0.0406,
  8.880,-0.3700,-0.5247,-0.3234,-0.3153,-0.3700,-0.3296,-0.3700,-0.0404,
  8.900,-0.3700,-0.5245,-0.3234,-0.3153,-0.3700,-0.3296,-0.3700,-0.0404,
  8.920,-0.3700,-0.5244,-0.3244,-0.3153,-0.3700,-0.3298,-0.3700,-0.0402,
  8.940,-0.3700,-0.5243,-0.3106,-0.3153,-0.3700,-0.3491,-0.3700,-0.0209,
  8.960,-0.3700,-0.5242,-0.3138,-0.3153,-0.3700,-0.3493,-0.3700,-0.0207,
  8.980,-0.3700,-0.5242,-0.3087,-0.3153,-0.3700,-0.3487,-0.3700,-0.0213,
  9.000,-0.3700,-0.5241,-0.3110,-0.3153,-0.3700,-0.3488,-0.3700,-0.0212,
  9.020,-0.3700,-0.5241,-0.3112,-0.3153,-0.3700,-0.3488,-0.3700,-0.0212,
  9.040,-0.3700,-0.5241,-0.3127,-0.3153,-0.3700,-0.3489,-0.3700,-0.0211,
  9.060,-0.3700,-0.5241,-0.3132,-0.3153,-0.3700,-0.3489,-0.3700,-0.0211,
  9.080,-0.3700,-0.5241,-0.3140,-0.3153,-0.3700,-0.3491,-0.3700,-0.0209,
  9.100,-0.3700,-0.5241,-0.3143,-0.3153,-0.3700,-0.3684,-0.3700,-0.0016,
  9.120,-0.3700,-0.5241,-0.3147,-0.3153,-0.3700,-0.3686,-0.3700,-0.0014,
  9.140,-0.3700,-0.5241,-0.3149,-0.3153,-0.3700,-0.3680,-0.3700,-0.0020,
  9.160,-0.3700,-0.5241,-0.3150,-0.3153,-0.3700,-0.3681,-0.3700,-0.0019,
  9.180,-0.3700,-0.5241,-0.3151,-0.3153,-0.3700,-0.3681,-0.3700,-0.0019,
  9.200,-0.3700,-0.5241,-0.3152,-0.3153,-0.3700,-0.3682,-0.3700,-0.0018,
  9.220,-0.3700,-0.5241,-0.3152,-0.3153,-0.3700,-0.3682,-0.3700,-0.0018,
  9.240,-0.3700,-0.5241,-0.3153,-0.3153,-0.3700,-0.3684,-0.3700,-0.0016,
  9.260,-0.3700,-0.5241,-0.3153,-0.3153,-0.3700,-0.3877,-0.3700, 0.0177,
  9.280,-0.3700,-0.5241,-0.3153,-0.3153,-0.3700,-0.3878,-0.3700, 0.0178,
  9.300,-0.3700,-0.5241,-0.3153,-0.3153,-0.3700,-0.3872,-0.3700, 0.0172,
  9.320,-0.3700,-0.5241,-0.3153,-0.3153,-0.3700,-0.3874,-0.3700, 0.0174,
  9.340,-0.3700,-0.5241,-0.3153,-0.3153,-0.3700,-0.3873,-0.3700, 0.0173,
  9.360,-0.3700,-0.5241,-0.3153,-0.3153,-0.3700,-0.3874,-0.3700, 0.0174,
  9.380,-0.3700,-0.5241,-0.3153,-0.3153,-0.3700,-0.3875,-0.3700, 0.0175,
  9.400,-0.3700,-0.5241,-0.3153,-0.3153,-0.3700,-0.3876,-0.3700, 0.0176,
  9.420,-0.3700,-0.5241,-0.3153,-0.3153,-0.3700,-0.4069,-0.3700, 0.0369,
  9.440,-0.3700,-0.5241,-0.3153,-0.3153,-0.3700,-0.4071,-0.3700, 0.0371,
  9.460,-0.3700,-0.5241,-0.3153,-0.3153,-0.3700,-0.4065,-0.3700, 0.0365,
  9.480,-0.3700,-0.5241,-0.3153,-0.3153,-0.3700,-0.4066,-0.3700, 0.0366,
  9.500,-0.3700,-0.5241,-0.3153,-0.3153,-0.3700,-0.4066,-0.3700, 0.0366,
  9.520,-0.3700,-0.5241,-0.3153,-0.3153,-0.3700,-0.4067,-0.3700, 0.0367,
  9.540,-0.3700,-0.5241,-0.3153,-0.3153,-0.3700,-0.4067,-0.3700, 0.0367,
  9.560,-0.3700,-0.5241,-0.3153,-0.3153,-0.3700,-0.4069,-0.3700, 0.0369,
  9.580,-0.3700,-0.5241,-0.5220,-0.3153,-0.3700,-0.4262,-0.3700, 0.0562,
  9.600,-0.3700,-0.5241,-0.5203,-0.3153,-0.3700,-0.4264,-0.3700, 0.0564,
  9.620,-0.3700,-0.5241,-0.5191,-0.3153,-0.3700,-0.4257,-0.3700, 0.0557,
  9.640,-0.3700,-0.5241,-0.5183,-0.3153,-0.3700,-0.4259,-0.3700, 0.0559,
  9.660,-0.3700,-0.5241,-0.5176,-0.3153,-0.3700,-0.4259,-0.3700, 0.0559,
  9.680,-0.3700,-0.5241,-0.5172,-0.3153,-0.3700,-0.4260,-0.3700, 0.0560,
  9.700,-0.3700,-0.5241,-0.5169,-0.3153,-0.3700,-0.4260,-0.3700, 0.0560,
  9.720,-0.3700,-0.5241,-0.5166,-0.3153,-0.3700,-0.4260,-0.3700, 0.0560,
  9.740,-0.3700,-0.5251,-0.5165,-0.3153,-0.3700,-0.4468,-0.3700, 0.0768,
  9.760,-0.3700,-0.5083,-0.5163,-0.3153,-0.3700,-0.4458,-0.3700, 0.0758,
  9.780,-0.3700,-0.5110,-0.5162,-0.3153,-0.3700,-0.4458,-0.3700, 0.0758,
  9.800,-0.3700,-0.5050,-0.5162,-0.3153,-0.3700,-0.4454,-0.3700, 0.0754,
  9.820,-0.3700,-0.5068,-0.5161,-0.3153,-0.3700,-0.4455,-0.3700, 0.0755,
  9.840,-0.3700,-0.5064,-0.5161,-0.3153,-0.3700,-0.4454,-0.3700, 0.0754,
  9.860,-0.3700,-0.5076,-0.5161,-0.3153,-0.3700,-0.4454,-0.3700, 0.0754,
  9.880,-0.3700,-0.5079,-0.5161,-0.3153,-0.3700,-0.4454,-0.3700, 0.0754,
  9.900,-0.3700,-0.5085,-0.5161,-0.3153,-0.3700,-0.4662,-0.3700, 0.0962,
  9.920,-0.3700,-0.5088,-0.5160,-0.3153,-0.3700,-0.4649,-0.3700, 0.0949,
  9.940,-0.3700,-0.5091,-0.5160,-0.3153,-0.3700,-0.4650,-0.3700, 0.0950,
  9.960,-0.3700,-0.5092,-0.5160,-0.3153,-0.3700,-0.4645,-0.3700, 0.0945,
  9.980,-0.3700,-0.5094,-0.5160,-0.3153,-0.3700,-0.4647,-0.3700, 0.0947,
 10.000,-0.3700,-0.5095,-0.5160,-0.3153,-0.3700,-0.4646,-0.3700, 0.0946,
 10.020,-0.3700,-0.5095,-0.5160,-0.3153,-0.3700,-0.4648,-0.3700, 0.0948,
 10.040,-0.3700,-0.5096,-0.5160,-0.3153,-0.3700,-0.4648,-0.3700, 0.0948,
 10.060,-0.3700,-0.5096,-0.5160,-0.3153,-0.3700,-0.4856,-0.3700, 0.1156,
 10.080,-0.3700,-0.5096,-0.5160,-0.3153,-0.3700,-0.4843,-0.3700, 0.1143,
 10.100,-0.3700,-0.5097,-0.5160,-0.3153,-0.3700,-0.4845,-0.3700, 0.1145,
 10.120,-0.3700,-0.5097,-0.5160,-0.3153,-0.3700,-0.4839,-0.3700, 0.1139,
 10.140,-0.3700,-0.5097,-0.5160,-0.3153,-0.3700,-0.4841,-0.3700, 0.1141,
 10.160,-0.3700,-0.5097,-0.5160,-0.3153,-0.3700,-0.4841,-0.3700, 0.1141,
 10.180,-0.3700,-0.5097,-0.5160,-0.3153,-0.3700,-0.4842,-0.3700, 0.1142,
 10.200,-0.3700,-0.5097,-0.5160,-0.3153,-0.3700,-0.4842,-0.3700, 0.1142,
 10.220,-0.3700,-0.5097,-0.5160,-0.3153,-0.3700,-0.5050,-0.3700, 0.1350,
 10.240,-0.3700,-0.5097,-0.5160,-0.3153,-0.3700,-0.5037,-0.3700, 0.1337,
 10.260,-0.3700,-0.5097,-0.5160,-0.3153,-0.3700,-0.5039,-0.3700, 0.1339,
 10.280,-0.3700,-0.5097,-0.5160,-0.3153,-0.3700,-0.5034,-0.3700, 0.1334,
 10.300,-0.3700,-0.5098,-0.5160,-0.3153,-0.3700,-0.5036,-0.3700, 0.1336,
 10.320,-0.3700,-0.5098,-0.5160,-0.3153,-0.3700,-0.5035,-0.3700, 0.1335,
 10.340,-0.3700,-0.5098,-0.5160,-0.3153,-0.3700,-0.5036,-0.3700, 0.1336,
 10.360,-0.3700,-0.5098,-0.5160,-0.3153,-0.3700,-0.5037,-0.3700, 0.1337,
 10.380,-0.3700,-0.5098,-0.5160,-0.3153,-0.3700,-0.5038,-0.3700, 0.1338,
 10.400,-0.3700,-0.5098,-0.5160,-0.3838,-0.3700,-0.5061,-0.3700, 0.1361,
 10.420,-0.3700,-0.5098,-0.5160,-0.3824,-0.3700,-0.5063,-0.3700, 0.1363,
 10.440,-0.3700,-0.5098,-0.5160,-0.3817,-0.3700,-0.5059,-0.3700, 0.1359,
 10.460,-0.3700,-0.5098,-0.5160,-0.3814,-0.3700,-0.5061,-0.3700, 0.1361,
 10.480,-0.3700,-0.5098,-0.5160,-0.3813,-0.3700,-0.5061,-0.3700, 0.1361,
 10.500,-0.3700,-0.5098,-0.5160,-0.3812,-0.3700,-0.5062,-0.3700, 0.1362,
 10.520,-0.3700,-0.5098,-0.5160,-0.3812,-0.3700,-0.5063,-0.3700, 0.1363,
 10.540,-0.3700,-0.5098,-0.5168,-0.3811,-0.3700,-0.5064,-0.3700, 0.1364,
 10.560,-0.3700,-0.5098,-0.5051,-0.3811,-0.3700,-0.4909,-0.3700, 0.1209,
 10.580,-0.3700,-0.5098,-0.5080,-0.3811,-0.3700,-0.4921,-0.3700, 0.1221,
 10.600,-0.3700,-0.5098,-0.5036,-0.3811,-0.3700,-0.4920,-0.3700, 0.1220,
 10.620,-0.3700,-0.5098,-0.5058,-0.3811,-0.3700,-0.4922,-0.3700, 0.1222,
 10.640,-0.3700,-0.5098,-0.5060,-0.3811,-0.3700,-0.4922,-0.3700, 0.1222,
 10.660,-0.3700,-0.5098,-0.5074,-0.3811,-0.3700,-0.4923,-0.3700, 0.1223,
 10.680,-0.3700,-0.5098,-0.5079,-0.3811,-0.3700,-0.4923,-0.3700, 0.1223,
 10.700,-0.3700,-0.5098,-0.5086,-0.3811,-0.3700,-0.4924,-0.3700, 0.1224,
 10.720,-0.3700,-0.5098,-0.5089,-0.3811,-0.3700,-0.4769,-0.3700, 0.1069,
 10.740,-0.3700,-0.5098,-0.5092,-0.3811,-0.3700,-0.4780,-0.3700, 0.1080,
 10.760,-0.3700,-0.5098,-0.5094,-0.3811,-0.3700,-0.4779,-0.3700, 0.1079,
 10.780,-0.3700,-0.5098,-0.5095,-0.3811,-0.3700,-0.4782,-0.3700, 0.1082,
 10.800,-0.3700,-0.5098,-0.5096,-0.3811,-0.3700,-0.4781,-0.3700, 0.1081,
 10.820,-0.3700,-0.5098,-0.5097,-0.3811,-0.3700,-0.4782,-0.3700, 0.1082,
 10.840,-0.3700,-0.5098,-0.5097,-0.3811,-0.3700,-0.4782,-0.3700, 0.1082,
 10.860,-0.3700,-0.5098,-0.5097,-0.3811,-0.3700,-0.4783,-0.3700, 0.1083,
 10.880,-0.3700,-0.5098,-0.5098,-0.3811,-0.3700,-0.4628,-0.3700, 0.0928,
 10.900,-0.3700,-0.5098,-0.5098,-0.3811,-0.3700,-0.4639,-0.3700, 0.0939,
 10.920,-0.3700,-0.5098,-0.5098,-0.3811,-0.3700,-0.4638,-0.3700, 0.0938,
 10.940,-0.3700,-0.5098,-0.5098,-0.3811,-0.3700,-0.4640,-0.3700, 0.0940,
 10.960,-0.3700,-0.5098,-0.5098,-0.3811,-0.3700,-0.4640,-0.3700, 0.0940,
 10.980,-0.3700,-0.5098,-0.5098,-0.3811,-0.3700,-0.4641,-0.3700, 0.0941,
 11.000,-0.3700,-0.5098,-0.5098,-0.3811,-0.3700,-0.4641,-0.3700, 0.0941,
 11.020,-0.3700,-0.5098,-0.5098,-0.3811,-0.3700,-0.4642,-0.3700, 0.0942,
 11.040,-0.3700,-0.5098,-0.5098,-0.3811,-0.3700,-0.4487,-0.3700, 0.0787,
 11.060,-0.3700,-0.5098,-0.5098,-0.3811,-0.3700,-0.4498,-0.3700, 0.0798,
 11.080,-0.3700,-0.5098,-0.5098,-0.3811,-0.3700,-0.4496,-0.3700, 0.0796,
 11.100,-0.3700,-0.5098,-0.5098,-0.3811,-0.3700,-0.4499,-0.3700, 0.0799,
 11.120,-0.3700,-0.5098,-0.5098,-0.3811,-0.3700,-0.4499,-0.3700, 0.0799,
 11.140,-0.3700,-0.5098,-0.5098,-0.3811,-0.3700,-0.4500,-0.3700, 0.0800,
 11.160,-0.3700,-0.5098,-0.5098,-0.3811,-0.3700,-0.4500,-0.3700, 0.0800,
 11.180,-0.3700,-0.5098,-0.5098,-0.3811,-0.3700,-0.4501,-0.3700, 0.0801,
 11.200,-0.3700,-0.5098,-0.3663,-0.3811,-0.3700,-0.4346,-0.3700, 0.0646,
 11.220,-0.3700,-0.5098,-0.3744,-0.3811,-0.3700,-0.4357,-0.3700, 0.0657,
 11.240,-0.3700,-0.5098,-0.3774,-0.3811,-0.3700,-0.4355,-0.3700, 0.0655,
 11.260,-0.3700,-0.5098,-0.3780,-0.3811,-0.3700,-0.4358,-0.3700, 0.0658,
 11.280,-0.3700,-0.5098,-0.3777,-0.3811,-0.3700,-0.4358,-0.3700, 0.0658,
 11.300,-0.3700,-0.5098,-0.3771,-0.3811,-0.3700,-0.4359,-0.3700, 0.0659,
 11.320,-0.3700,-0.5098,-0.3766,-0.3811,-0.3700,-0.4359,-0.3700, 0.0659,
 11.340,-0.3700,-0.5098,-0.3761,-0.3811,-0.3700,-0.4359,-0.3700, 0.0659,
 11.360,-0.3700,-0.5098,-0.3758,-0.3816,-0.3700,-0.4216,-0.3700, 0.0516,
 11.380,-0.3700,-0.5098,-0.3755,-0.3779,-0.3700,-0.4222,-0.3700, 0.0522,
 11.400,-0.3700,-0.5098,-0.3753,-0.3788,-0.3700,-0.4225,-0.3700, 0.0525,
 11.420,-0.3700,-0.5098,-0.3752,-0.3769,-0.3700,-0.4225,-0.3700, 0.0525,
 11.440,-0.3700,-0.5098,-0.3751,-0.3782,-0.3700,-0.4225,-0.3700, 0.0525,
 11.460,-0.3700,-0.5098,-0.3750,-0.3780,-0.3700,-0.4225,-0.3700, 0.0525,
 11.480,-0.3700,-0.5098,-0.3750,-0.3787,-0.3700,-0.4224,-0.3700, 0.0524,
 11.500,-0.3700,-0.5098,-0.3749,-0.3787,-0.3700,-0.4224,-0.3700, 0.0524,
 11.520,-0.3700,-0.5098,-0.3749,-0.3789,-0.3700,-0.4077,-0.3700, 0.0377,
 11.540,-0.3700,-0.5098,-0.3749,-0.3789,-0.3700,-0.4089,-0.3700, 0.0389,
 11.560,-0.3700,-0.5098,-0.3749,-0.3790,-0.3700,-0.4091,-0.3700, 0.0391,
 11.580,-0.3700,-0.5098,-0.3749,-0.3789,-0.3700,-0.4104,-0.3700, 0.0404,
 11.600,-0.3700,-0.5098,-0.3748,-0.3790,-0.3700,-0.4091,-0.3700, 0.0391,
 11.620,-0.3700,-0.5098,-0.3748,-0.3790,-0.3700,-0.4094,-0.3700, 0.0394,
 11.640,-0.3700,-0.5098,-0.3748,-0.3790,-0.3700,-0.4089,-0.3700, 0.0389,
 11.660,-0.3700,-0.5098,-0.3748,-0.3790,-0.3700,-0.4090,-0.3700, 0.0390,
 11.680,-0.3700,-0.5098,-0.3748,-0.3790,-0.3700,-0.3943,-0.3700, 0.0243,
 11.700,-0.3700,-0.5098,-0.3748,-0.3790,-0.3700,-0.3957,-0.3700, 0.0257,
 11.720,-0.3700,-0.5098,-0.3748,-0.3790,-0.3700,-0.3959,-0.3700, 0.0259,
 11.740,-0.3700,-0.5098,-0.3748,-0.3790,-0.3700,-0.3972,-0.3700, 0.0272,
 11.760,-0.3700,-0.5098,-0.3748,-0.3790,-0.3700,-0.3959,-0.3700, 0.0259,
 11.780,-0.3700,-0.5098,-0.3748,-0.3790,-0.3700,-0.3962,-0.3700, 0.0262,
 11.800,-0.3700,-0.5098,-0.3748,-0.3790,-0.3700,-0.3958,-0.3700, 0.0258,
 11.820,-0.3700,-0.5098,-0.3748,-0.3790,-0.3700,-0.3959,-0.3700, 0.0259,
 11.840,-0.3700,-0.5098,-0.3748,-0.3790,-0.3700,-0.3812,-0.3700, 0.0112,
 11.860,-0.3700,-0.5098,-0.3748,-0.3790,-0.3700,-0.3826,-0.3700, 0.0126,
 11.880,-0.3700,-0.5098,-0.3748,-0.3790,-0.3700,-0.3828,-0.3700, 0.0128,
 11.900,-0.3700,-0.5098,-0.3748,-0.3790,-0.3700,-0.3841,-0.3700, 0.0141,
 11.920,-0.3700,-0.5098,-0.3748,-0.3790,-0.3700,-0.3828,-0.3700, 0.0128,
 11.940,-0.3700,-0.5098,-0.3748,-0.3790,-0.3700,-0.3831,-0.3700, 0.0131,
 11.960,-0.3700,-0.5098,-0.3748,-0.3790,-0.3700,-0.3827,-0.3700, 0.0127,
 11.980,-0.3700,-0.5098,-0.3748,-0.3790,-0.3700,-0.3829,-0.3700, 0.0129,
 12.000,-0.3700,-0.5098,-0.3748,-0.3790,-0.3700,-0.3825,-0.3700, 0.0125,
 12.020,-0.3700,-0.2951,-0.3748,-0.3790,-0.3700,-0.3723,-0.3700, 0.0023,
 12.040,-0.3700,-0.3030,-0.3748,-0.3790,-0.3700,-0.3726,-0.3700, 0.0026,
 12.060,-0.3700,-0.3062,-0.3748,-0.3790,-0.3700,-0.3740,-0.3700, 0.0040,
 12.080,-0.3700,-0.3069,-0.3748,-0.3790,-0.3700,-0.3728,-0.3700, 0.0028,
 12.100,-0.3700,-0.3067,-0.3748,-0.3790,-0.3700,-0.3732,-0.3700, 0.0032,
 12.120,-0.3700,-0.3062,-0.3748,-0.3790,-0.3700,-0.3728,-0.3700, 0.0028,
 12.140,-0.3700,-0.3056,-0.3748,-0.3790,-0.3700,-0.3729,-0.3700, 0.0029,
 12.160,-0.3700,-0.3051,-0.3719,-0.3790,-0.3700,-0.3726,-0.3700, 0.0026,
 12.180,-0.3700,-0.3047,-0.3763,-0.3790,-0.3700,-0.3652,-0.3700,-0.0048,
 12.200,-0.3700,-0.3043,-0.3752,-0.3790,-0.3700,-0.3658,-0.3700,-0.0042,
 12.220,-0.3700,-0.3041,-0.3872,-0.3790,-0.3700,-0.3672,-0.3700,-0.0028,
 12.240,-0.3700,-0.3038,-0.3745,-0.3790,-0.3700,-0.3660,-0.3700,-0.0040,
 12.260,-0.3700,-0.3037,-0.3781,-0.3790,-0.3700,-0.3664,-0.3700,-0.0036,
 12.280,-0.3700,-0.3035,-0.3744,-0.3790,-0.3700,-0.3660,-0.3700,-0.0040,
 12.300,-0.3700,-0.3034,-0.3761,-0.3790,-0.3700,-0.3661,-0.3700,-0.0039,
 12.320,-0.3700,-0.3033,-0.3758,-0.3790,-0.3700,-0.3658,-0.3700,-0.0042,
 12.340,-0.3700,-0.3032,-0.3770,-0.3790,-0.3700,-0.3583,-0.3700,-0.0117,
 12.360,-0.3700,-0.3031,-0.3772,-0.3790,-0.3700,-0.3589,-0.3700,-0.0111,
 12.380,-0.3700,-0.3030,-0.3779,-0.3790,-0.3700,-0.3604,-0.3700,-0.0096,
 12.400,-0.3700,-0.3030,-0.3781,-0.3790,-0.3700,-0.3592,-0.3700,-0.0108,
 12.420,-0.3700,-0.3029,-0.3784,-0.3790,-0.3700,-0.3595,-0.3700,-0.0105,
 12.440,-0.3700,-0.3029,-0.3786,-0.3790,-0.3700,-0.3591,-0.3700,-0.0109,
 12.460,-0.3700,-0.3029,-0.3787,-0.3790,-0.3700,-0.3593,-0.3700,-0.0107,
 12.480,-0.3700,-0.3028,-0.3788,-0.3790,-0.3700,-0.3589,-0.3700,-0.0111,
 12.500,-0.3700,-0.3028,-0.3788,-0.3790,-0.3700,-0.3515,-0.3700,-0.0185,
 12.520,-0.3700,-0.3028,-0.3789,-0.3790,-0.3700,-0.3521,-0.3700,-0.0179,
 12.540,-0.3700,-0.3027,-0.3789,-0.3790,-0.3700,-0.3536,-0.3700,-0.0164,
 12.560,-0.3700,-0.3027,-0.3789,-0.3790,-0.3700,-0.3524,-0.3700,-0.0176,
 12.580,-0.3700,-0.3027,-0.3790,-0.3790,-0.3700,-0.3527,-0.3700,-0.0173,
 12.600,-0.3700,-0.3027,-0.3790,-0.3790,-0.3700,-0.3523,-0.3700,-0.0177,
 12.620,-0.3700,-0.3027,-0.3790,-0.3790,-0.3700,-0.3525,-0.3700,-0.0175,
 12.640,-0.3700,-0.3027,-0.3790,-0.3790,-0.3700,-0.3521,-0.3700,-0.0179,
 12.660,-0.3700,-0.3027,-0.3790,-0.3790,-0.3700,-0.3447,-0.3700,-0.0253,
 12.680,-0.3700,-0.3027,-0.3790,-0.3790,-0.3700,-0.3453,-0.3700,-0.0247,
 12.700,-0.3700,-0.3027,-0.3790,-0.3790,-0.3700,-0.3468,-0.3700,-0.0232,
 12.720,-0.3700,-0.3026,-0.3790,-0.3790,-0.3700,-0.3456,-0.3700,-0.0244,
 12.740,-0.3700,-0.3026,-0.3790,-0.3790,-0.3700,-0.3459,-0.3700,-0.0241,
 12.760,-0.3700,-0.3026,-0.3790,-0.3790,-0.3700,-0.3455,-0.3700,-0.0245,
 12.780,-0.3700,-0.3026,-0.3790,-0.3790,-0.3700,-0.3456,-0.3700,-0.0244,
 12.800,-0.3700,-0.3026,-0.3790,-0.3790,-0.3700,-0.3453,-0.3700,-0.0247,
 12.820,-0.3700,-0.3026,-0.2995,-0.3790,-0.3700,-0.3379,-0.3700,-0.0321,
 12.840,-0.3700,-0.3026,-0.3062,-0.3790,-0.3700,-0.3384,-0.3700,-0.0316,
 12.860,-0.3700,-0.3026,-0.3087,-0.3790,-0.3700,-0.3399,-0.3700,-0.0301,
 12.880,-0.3700,-0.3026,-0.3091,-0.3790,-0.3700,-0.3387,-0.3700,-0.0313,
 12.900,-0.3700,-0.3026,-0.3088,-0.3790,-0.3700,-0.3391,-0.3700,-0.0309,
 12.920,-0.3700,-0.3026,-0.3084,-0.3790,-0.3700,-0.3387,-0.3700,-0.0313,
 12.940,-0.3700,-0.3026,-0.3079,-0.3790,-0.3700,-0.3388,-0.3700,-0.0312,
 12.960,-0.3700,-0.3026,-0.3076,-0.3790,-0.3700,-0.3388,-0.3700,-0.0312,
 12.980,-0.3700,-0.2995,-0.3073,-0.3790,-0.3700,-0.3308,-0.3700,-0.0392,
 13.000,-0.3700,-0.3039,-0.3071,-0.3790,-0.3700,-0.3317,-0.3700,-0.0383,
 13.020,-0.3700,-0.3029,-0.3069,-0.3790,-0.3700,-0.3319,-0.3700,-0.0381,
 13.040,-0.3700,-0.3159,-0.3068,-0.3790,-0.3700,-0.3326,-0.3700,-0.0374,
 13.060,-0.3700,-0.3031,-0.3068,-0.3790,-0.3700,-0.3320,-0.3700,-0.0380,
 13.080,-0.3700,-0.3068,-0.3067,-0.3790,-0.3700,-0.3321,-0.3700,-0.0379,
 13.100,-0.3700,-0.3030,-0.3067,-0.3790,-0.3700,-0.3319,-0.3700,-0.0381,
 13.120,-0.3700,-0.3047,-0.3067,-0.3790,-0.3700,-0.3320,-0.3700,-0.0380,
 13.140,-0.3700,-0.3044,-0.3067,-0.3790,-0.3700,-0.3237,-0.3700,-0.0463,
 13.160,-0.3700,-0.3056,-0.3067,-0.3790,-0.3700,-0.3248,-0.3700,-0.0452,
 13.180,-0.3700,-0.3060,-0.3067,-0.3790,-0.3700,-0.3250,-0.3700,-0.0450,
 13.200,-0.3700,-0.3067,-0.3067,-0.3790,-0.3700,-0.3260,-0.3700,-0.0440,
 13.220,-0.3700,-0.3071,-0.3067,-0.3790,-0.3700,-0.3250,-0.3700,-0.0450,
 13.240,-0.3700,-0.3076,-0.3067,-0.3790,-0.3700,-0.3252,-0.3700,-0.0448,
 13.260,-0.3700,-0.3078,-0.3067,-0.3790,-0.3700,-0.3249,-0.3700,-0.0451,
 13.280,-0.3700,-0.3081,-0.3067,-0.3790,-0.3700,-0.3250,-0.3700,-0.0450,
 13.300,-0.3700,-0.3083,-0.3067,-0.3790,-0.3700,-0.3168,-0.3700,-0.0532,
 13.320,-0.3700,-0.3085,-0.3067,-0.3790,-0.3700,-0.3179,-0.3700,-0.0521,
 13.340,-0.3700,-0.3086,-0.3067,-0.3790,-0.3700,-0.3181,-0.3700,-0.0519,
 13.360,-0.3700,-0.3088,-0.3067,-0.3790,-0.3700,-0.3191,-0.3700,-0.0509,
 13.380,-0.3700,-0.3089,-0.3067,-0.3790,-0.3700,-0.3181,-0.3700,-0.0519,
 13.400,-0.3700,-0.3089,-0.3067,-0.3790,-0.3700,-0.3184,-0.3700,-0.0516,
 13.420,-0.3700,-0.3090,-0.3067,-0.3790,-0.3700,-0.3180,-0.3700,-0.0520,
 13.440,-0.3700,-0.3091,-0.3067,-0.3790,-0.3700,-0.3181,-0.3700,-0.0519,
 13.460,-0.3700,-0.3091,-0.3067,-0.3790,-0.3700,-0.3099,-0.3700,-0.0601,
 13.480,-0.3700,-0.3092,-0.3067,-0.3790,-0.3700,-0.3110,-0.3700,-0.0590,
 13.500,-0.3700,-0.3092,-0.3067,-0.3790,-0.3700,-0.3112,-0.3700,-0.0588,
 13.520,-0.3700,-0.3093,-0.3067,-0.3790,-0.3700,-0.3122,-0.3700,-0.0578,
 13.540,-0.3700,-0.3093,-0.3067,-0.3790,-0.3700,-0.3112,-0.3700,-0.0588,
 13.560,-0.3700,-0.3093,-0.3067,-0.3790,-0.3700,-0.3114,-0.3700,-0.0586,
 13.580,-0.3700,-0.3093,-0.3067,-0.3790,-0.3700,-0.3111,-0.3700,-0.0589,
 13.600,-0.3700,-0.3094,-0.3067,-0.3790,-0.3700,-0.3112,-0.3700,-0.0588,
 13.620,-0.3700,-0.3094,-0.3067,-0.3790,-0.3700,-0.3109,-0.3700,-0.0591,
 13.640,-0.3700,-0.3095,-0.3067,-0.3671,-0.3700,-0.3108,-0.3700,-0.0592,
 13.660,-0.3700,-0.3095,-0.3067,-0.3684,-0.3700,-0.3108,-0.3700,-0.0592,
 13.680,-0.3700,-0.3095,-0.3067,-0.3687,-0.3700,-0.3118,-0.3700,-0.0582,
 13.700,-0.3700,-0.3095,-0.3067,-0.3684,-0.3700,-0.3107,-0.3700,-0.0593,
 13.720,-0.3700,-0.3095,-0.3067,-0.3689,-0.3700,-0.3111,-0.3700,-0.0589,
 13.740,-0.3700,-0.3095,-0.3067,-0.3687,-0.3700,-0.3108,-0.3700,-0.0592,
 13.760,-0.3700,-0.3095,-0.3067,-0.3686,-0.3700,-0.3109,-0.3700,-0.0591,
 13.780,-0.3700,-0.3095,-0.3044,-0.3686,-0.3700,-0.3106,-0.3700,-0.0594,
 13.800,-0.3700,-0.3095,-0.3079,-0.3685,-0.3700,-0.3181,-0.3700,-0.0519,
 13.820,-0.3700,-0.3095,-0.3071,-0.3685,-0.3700,-0.3179,-0.3700,-0.0521,
 13.840,-0.3700,-0.3095,-0.3166,-0.3684,-0.3700,-0.3182,-0.3700,-0.0518,
 13.860,-0.3700,-0.3095,-0.3063,-0.3684,-0.3700,-0.3163,-0.3700,-0.0537,
 13.880,-0.3700,-0.3095,-0.3092,-0.3684,-0.3700,-0.3180,-0.3700,-0.0520,
 13.900,-0.3700,-0.3095,-0.3062,-0.3684,-0.3700,-0.3173,-0.3700,-0.0527,
 13.920,-0.3700,-0.3095,-0.3076,-0.3684,-0.3700,-0.3176,-0.3700,-0.0524,
 13.940,-0.3700,-0.3095,-0.3074,-0.3684,-0.3700,-0.3173,-0.3700,-0.0527,
 13.960,-0.3700,-0.3095,-0.3083,-0.3684,-0.3700,-0.3247,-0.3700,-0.0453,
 13.980,-0.3700,-0.3095,-0.3085,-0.3684,-0.3700,-0.3244,-0.3700,-0.0456,
 14.000,-0.3700,-0.3095,-0.3090,-0.3684,-0.3700,-0.3247,-0.3700,-0.0453,
 14.020,-0.3700,-0.3095,-0.3092,-0.3684,-0.3700,-0.3228,-0.3700,-0.0472,
 14.040,-0.3700,-0.3095,-0.3094,-0.3684,-0.3700,-0.3245,-0.3700,-0.0455,
 14.060,-0.3700,-0.3095,-0.3095,-0.3684,-0.3700,-0.3238,-0.3700,-0.0462,
 14.080,-0.3700,-0.3095,-0.3096,-0.3684,-0.3700,-0.3241,-0.3700,-0.0459,
 14.100,-0.3700,-0.3095,-0.3096,-0.3684,-0.3700,-0.3237,-0.3700,-0.0463,
 14.120,-0.3700,-0.3095,-0.3096,-0.3684,-0.3700,-0.3312,-0.3700,-0.0388,
 14.140,-0.3700,-0.3095,-0.3096,-0.3684,-0.3700,-0.3309,-0.3700,-0.0391,
 14.160,-0.3700,-0.3095,-0.3096,-0.3684,-0.3700,-0.3312,-0.3700,-0.0388,
 14.180,-0.3700,-0.3095,-0.3096,-0.3684,-0.3700,-0.3292,-0.3700,-0.0408,
 14.200,-0.3700,-0.3095,-0.3096,-0.3684,-0.3700,-0.3309,-0.3700,-0.0391,
 14.220,-0.3700,-0.3095,-0.3096,-0.3684,-0.3700,-0.3303,-0.3700,-0.0397,
 14.240,-0.3700,-0.3095,-0.3096,-0.3684,-0.3700,-0.3305,-0.3700,-0.0395,
 14.260,-0.3700,-0.3095,-0.3096,-0.3684,-0.3700,-0.3302,-0.3700,-0.0398,
 14.280,-0.3700,-0.3095,-0.3096,-0.3684,-0.3700,-0.3376,-0.3700,-0.0324,
 14.300,-0.3700,-0.3095,-0.3096,-0.3684,-0.3700,-0.3373,-0.3700,-0.0327,
 14.320,-0.3700,-0.3095,-0.3096,-0.3684,-0.3700,-0.3376,-0.3700,-0.0324,
 14.340,-0.3700,-0.3095,-0.3096,-0.3684,-0.3700,-0.3357,-0.3700,-0.0343,
 14.360,-0.3700,-0.3095,-0.3096,-0.3684,-0.3700,-0.3373,-0.3700,-0.0327,
 14.380,-0.3700,-0.3095,-0.3096,-0.3684,-0.3700,-0.3367,-0.3700,-0.0333,
 14.400,-0.3700,-0.3095,-0.3096,-0.3684,-0.3700,-0.3370,-0.3700,-0.0330,
 14.420,-0.3700,-0.3095,-0.3096,-0.3684,-0.3700,-0.3366,-0.3700,-0.0334,
 14.440,-0.3700,-0.3095,-0.3800,-0.3684,-0.3700,-0.3441,-0.3700,-0.0259,
 14.460,-0.3700,-0.3095,-0.3779,-0.3684,-0.3700,-0.3437,-0.3700,-0.0263,
 14.480,-0.3700,-0.3095,-0.3713,-0.3684,-0.3700,-0.3441,-0.3700,-0.0259,
 14.500,-0.3700,-0.3095,-0.3621,-0.3684,-0.3700,-0.3421,-0.3700,-0.0279,
 14.520,-0.3700,-0.3095,-0.3760,-0.3684,-0.3700,-0.3438,-0.3700,-0.0262,
 14.540,-0.3700,-0.3095,-0.3726,-0.3684,-0.3700,-0.3431,-0.3700,-0.0269,
 14.560,-0.3700,-0.3095,-0.3739,-0.3684,-0.3700,-0.3434,-0.3700,-0.0266,
 14.580,-0.3700,-0.3095,-0.3731,-0.3684,-0.3700,-0.3433,-0.3700,-0.0267,
 14.600,-0.3700,-0.3095,-0.3727,-0.3680,-0.3700,-0.3504,-0.3700,-0.0196,
 14.620,-0.3700,-0.3095,-0.3723,-0.3686,-0.3700,-0.3502,-0.3700,-0.0198,
 14.640,-0.3700,-0.3095,-0.3720,-0.3686,-0.3700,-0.3495,-0.3700,-0.0205,
 14.660,-0.3700,-0.3095,-0.3717,-0.3661,-0.3700,-0.3485,-0.3700,-0.0215,
 14.680,-0.3700,-0.3095,-0.3716,-0.3683,-0.3700,-0.3500,-0.3700,-0.0200,
 14.700,-0.3700,-0.3095,-0.3715,-0.3688,-0.3700,-0.3497,-0.3700,-0.0203,
 14.720,-0.3700,-0.3095,-0.3714,-0.3683,-0.3700,-0.3497,-0.3700,-0.0203,
 14.740,-0.3700,-0.3095,-0.3713,-0.3684,-0.3700,-0.3497,-0.3700,-0.0203,
 14.760,-0.3700,-0.3095,-0.3713,-0.3685,-0.3700,-0.3569,-0.3700,-0.0131,
 14.780,-0.3700,-0.3095,-0.3712,-0.3688,-0.3700,-0.3567,-0.3700,-0.0133,
 14.800,-0.3700,-0.3095,-0.3712,-0.3684,-0.3700,-0.3564,-0.3700,-0.0136,
 14.820,-0.3700,-0.3095,-0.3712,-0.3686,-0.3700,-0.3496,-0.3700,-0.0204,
 14.840,-0.3700,-0.3095,-0.3712,-0.3687,-0.3700,-0.3563,-0.3700,-0.0137,
 14.860,-0.3700,-0.3095,-0.3712,-0.3686,-0.3700,-0.3558,-0.3700,-0.0142,
 14.880,-0.3700,-0.3095,-0.3712,-0.3688,-0.3700,-0.3559,-0.3700,-0.0141,
 14.900,-0.3700,-0.3095,-0.3712,-0.3687,-0.3700,-0.3555,-0.3700,-0.0145,
 14.920,-0.3700,-0.3095,-0.3712,-0.3688,-0.3700,-0.3633,-0.3700,-0.0067,
 14.940,-0.3700,-0.3095,-0.3711,-0.3688,-0.3700,-0.3635,-0.3700,-0.0065,
 14.960,-0.3700,-0.3095,-0.3712,-0.3688,-0.3700,-0.3619,-0.3700,-0.0081,
 14.980,-0.3700,-0.3095,-0.3711,-0.3688,-0.3700,-0.3553,-0.3700,-0.0147,
 15.000,-0.3700,-0.3095,-0.3711,-0.3688,-0.3700,-0.3622,-0.3700,-0.0078,
 15.020,-0.3700,-0.3095,-0.3711,-0.3688,-0.3700,-0.3615,-0.3700,-0.0085,
 15.040,-0.3700,-0.3095,-0.3712,-0.3688,-0.3700,-0.3618,-0.3700,-0.0082,
 15.060,-0.3700,-0.3095,-0.3711,-0.3688,-0.3700,-0.3613,-0.3700,-0.0087,
 15.080,-0.3700,-0.3095,-0.3712,-0.3688,-0.3700,-0.3693,-0.3700,-0.0007,
 15.100,-0.3700,-0.3095,-0.3711,-0.3688,-0.3700,-0.3694,-0.3700,-0.0006,
 15.120,-0.3700,-0.3095,-0.3712,-0.3688,-0.3700,-0.3678,-0.3700,-0.0022,
 15.140,-0.3700,-0.3095,-0.3711,-0.3688,-0.3700,-0.3612,-0.3700,-0.0088,
 15.160,-0.3700,-0.3095,-0.3712,-0.3688,-0.3700,-0.3682,-0.3700,-0.0018,
 15.180,-0.3700,-0.3095,-0.3712,-0.3688,-0.3700,-0.3674,-0.3700,-0.0026,
 15.200,-0.3700,-0.3095,-0.3711,-0.3688,-0.3700,-0.3678,-0.3700,-0.0022,
 15.220,-0.3700,-0.3095,-0.3712,-0.3688,-0.3700,-0.3672,-0.3700,-0.0028,
 15.240,-0.3700,-0.3095,-0.3711,-0.3688,-0.3700,-0.3681,-0.3700,-0.0019,
 15.260,-0.3700,-0.4003,-0.3712,-0.3688,-0.3700,-0.3730,-0.3700, 0.0030,
 15.280,-0.3700,-0.3989,-0.3711,-0.3688,-0.3700,-0.3720,-0.3700, 0.0020,
 15.300,-0.3700,-0.3925,-0.3712,-0.3688,-0.3700,-0.3660,-0.3700,-0.0040,
 15.320,-0.3700,-0.3828,-0.3711,-0.3688,-0.3700,-0.3711,-0.3700, 0.0011,
 15.340,-0.3700,-0.3973,-0.3711,-0.3688,-0.3700,-0.3714,-0.3700, 0.0014,
 15.360,-0.3700,-0.3941,-0.3712,-0.3688,-0.3700,-0.3715,-0.3700, 0.0015,
 15.380,-0.3700,-0.3956,-0.3711,-0.3688,-0.3700,-0.3710,-0.3700, 0.0010,
 15.400,-0.3700,-0.3950,-0.3728,-0.3688,-0.3700,-0.3720,-0.3700, 0.0020,
 15.420,-0.3700,-0.3948,-0.3740,-0.3688,-0.3700,-0.3753,-0.3700, 0.0053,
 15.440,-0.3700,-0.3944,-0.3782,-0.3688,-0.3700,-0.3742,-0.3700, 0.0042,
 15.460,-0.3700,-0.3942,-0.3193,-0.3688,-0.3700,-0.3680,-0.3700,-0.0020,
 15.480,-0.3700,-0.3940,-0.3728,-0.3688,-0.3700,-0.3731,-0.3700, 0.0031,
 15.500,-0.3700,-0.3938,-0.3708,-0.3688,-0.3700,-0.3735,-0.3700, 0.0035,
 15.520,-0.3700,-0.3937,-0.3708,-0.3688,-0.3700,-0.3736,-0.3700, 0.0036,
 15.540,-0.3700,-0.3936,-0.3675,-0.3688,-0.3700,-0.3731,-0.3700, 0.0031,
 15.560,-0.3700,-0.3936,-0.3743,-0.3688,-0.3700,-0.3741,-0.3700, 0.0041,
 15.580,-0.3700,-0.3935,-0.3776,-0.3688,-0.3700,-0.3773,-0.3700, 0.0073,
 15.600,-0.3700,-0.3935,-0.3642,-0.3688,-0.3700,-0.3763,-0.3700, 0.0063,
 15.620,-0.3700,-0.3934,-0.3661,-0.3688,-0.3700,-0.3700,-0.3700, 0.0000,
 15.640,-0.3700,-0.3934,-0.3686,-0.3688,-0.3700,-0.3750,-0.3700, 0.0050,
 15.660,-0.3700,-0.3934,-0.3663,-0.3688,-0.3700,-0.3755,-0.3700, 0.0055,
 15.680,-0.3700,-0.3934,-0.3691,-0.3688,-0.3700,-0.3755,-0.3700, 0.0055,
 15.700,-0.3700,-0.3934,-0.3674,-0.3688,-0.3700,-0.3751,-0.3700, 0.0051,
 15.720,-0.3700,-0.3934,-0.3690,-0.3688,-0.3700,-0.3760,-0.3700, 0.0060,
 15.740,-0.3700,-0.3934,-0.3681,-0.3688,-0.3700,-0.3793,-0.3700, 0.0093,
 15.760,-0.3700,-0.3933,-0.3689,-0.3688,-0.3700,-0.3782,-0.3700, 0.0082,
 15.780,-0.3700,-0.3933,-0.3685,-0.3688,-0.3700,-0.3720,-0.3700, 0.0020,
 15.800,-0.3700,-0.3933,-0.3689,-0.3688,-0.3700,-0.3770,-0.3700, 0.0070,
 15.820,-0.3700,-0.3933,-0.3686,-0.3688,-0.3700,-0.3775,-0.3700, 0.0075,
 15.840,-0.3700,-0.3933,-0.3689,-0.3688,-0.3700,-0.3775,-0.3700, 0.0075,
 15.860,-0.3700,-0.3933,-0.3686,-0.3688,-0.3700,-0.3771,-0.3700, 0.0071,
 15.880,-0.3700,-0.3933,-0.3689,-0.3688,-0.3700,-0.3780,-0.3700, 0.0080,
 15.900,-0.3700,-0.3933,-0.3687,-0.3688,-0.3700,-0.3813,-0.3700, 0.0113,
 15.920,-0.3700,-0.3933,-0.3688,-0.3688,-0.3700,-0.3802,-0.3700, 0.0102,
 15.940,-0.3700,-0.3933,-0.3687,-0.3688,-0.3700,-0.3740,-0.3700, 0.0040,
 15.960,-0.3700,-0.3933,-0.3688,-0.3688,-0.3700,-0.3790,-0.3700, 0.0090,
 15.980,-0.3700,-0.3933,-0.3687,-0.3688,-0.3700,-0.3794,-0.3700, 0.0094,
 16.000,-0.3700,-0.3933,-0.3688,-0.3688,-0.3700,-0.3795,-0.3700, 0.0095,
 16.020,-0.3700,-0.3933,-0.3687,-0.3688,-0.3700,-0.3790,-0.3700, 0.0090,
 16.040,-0.3700,-0.3933,-0.3688,-0.3688,-0.3700,-0.3800,-0.3700, 0.0100,
 16.060,-0.3700,-0.3933,-0.3979,-0.3688,-0.3700,-0.3832,-0.3700, 0.0132,
 16.080,-0.3700,-0.3933,-0.3962,-0.3688,-0.3700,-0.3822,-0.3700, 0.0122,
 16.100,-0.3700,-0.3933,-0.3914,-0.3688,-0.3700,-0.3759,-0.3700, 0.0059,
 16.120,-0.3700,-0.3933,-0.3855,-0.3688,-0.3700,-0.3810,-0.3700, 0.0110,
 16.140,-0.3700,-0.3933,-0.3948,-0.3688,-0.3700,-0.3814,-0.3700, 0.0114,
 16.160,-0.3700,-0.3933,-0.3921,-0.3688,-0.3700,-0.3815,-0.3700, 0.0115,
 16.180,-0.3700,-0.3933,-0.3931,-0.3688,-0.3700,-0.3810,-0.3700, 0.0110,
 16.200,-0.3700,-0.3933,-0.3924,-0.3688,-0.3700,-0.3818,-0.3700, 0.0118,
 16.220,-0.3700,-0.3951,-0.3919,-0.3688,-0.3700,-0.3850,-0.3700, 0.0150,
 16.240,-0.3700,-0.3965,-0.3918,-0.3688,-0.3700,-0.3836,-0.3700, 0.0136,
 16.260,-0.3700,-0.4011,-0.3914,-0.3688,-0.3700,-0.3835,-0.3700, 0.0135,
 16.280,-0.3700,-0.3321,-0.3914,-0.3688,-0.3700,-0.3797,-0.3700, 0.0097,
 16.300,-0.3700,-0.3900,-0.3911,-0.3688,-0.3700,-0.3833,-0.3700, 0.0133,
 16.320,-0.3700,-0.3887,-0.3911,-0.3688,-0.3700,-0.3832,-0.3700, 0.0132,
 16.340,-0.3700,-0.3892,-0.3910,-0.3688,-0.3700,-0.3832,-0.3700, 0.0132,
 16.360,-0.3700,-0.3863,-0.3910,-0.3688,-0.3700,-0.3831,-0.3700, 0.0131,
 16.380,-0.3700,-0.3937,-0.3910,-0.3688,-0.3700,-0.3864,-0.3700, 0.0164,
 16.400,-0.3700,-0.3978,-0.3909,-0.3688,-0.3700,-0.3865,-0.3700, 0.0165,
 16.420,-0.3700,-0.3842,-0.3910,-0.3688,-0.3700,-0.3856,-0.3700, 0.0156,
 16.440,-0.3700,-0.3861,-0.3908,-0.3688,-0.3700,-0.3829,-0.3700, 0.0129,
 16.460,-0.3700,-0.3887,-0.3910,-0.3688,-0.3700,-0.3860,-0.3700, 0.0160,
 16.480,-0.3700,-0.3864,-0.3909,-0.3688,-0.3700,-0.3854,-0.3700, 0.0154,
 16.500,-0.3700,-0.3893,-0.3909,-0.3688,-0.3700,-0.3856,-0.3700, 0.0156,
 16.520,-0.3700,-0.3877,-0.3909,-0.3688,-0.3700,-0.3853,-0.3700, 0.0153,
 16.540,-0.3700,-0.3893,-0.3910,-0.3688,-0.3700,-0.3888,-0.3700, 0.0188,
 16.560,-0.3700,-0.3885,-0.3909,-0.3688,-0.3700,-0.3888,-0.3700, 0.0188,
 16.580,-0.3700,-0.3894,-0.3909,-0.3688,-0.3700,-0.3877,-0.3700, 0.0177,
 16.600,-0.3700,-0.3890,-0.3909,-0.3688,-0.3700,-0.3850,-0.3700, 0.0150,
 16.620,-0.3700,-0.3895,-0.3909,-0.3688,-0.3700,-0.3881,-0.3700, 0.0181,
 16.640,-0.3700,-0.3892,-0.3909,-0.3688,-0.3700,-0.3876,-0.3700, 0.0176,
 16.660,-0.3700,-0.3896,-0.3909,-0.3688,-0.3700,-0.3878,-0.3700, 0.0178,
 16.680,-0.3700,-0.3893,-0.3910,-0.3688,-0.3700,-0.3874,-0.3700, 0.0174,
 16.700,-0.3700,-0.3896,-0.3908,-0.3688,-0.3700,-0.3909,-0.3700, 0.0209,
 16.720,-0.3700,-0.3895,-0.3910,-0.3688,-0.3700,-0.3909,-0.3700, 0.0209,
 16.740,-0.3700,-0.3896,-0.3908,-0.3688,-0.3700,-0.3899,-0.3700, 0.0199,
 16.760,-0.3700,-0.3896,-0.3910,-0.3688,-0.3700,-0.3871,-0.3700, 0.0171,
 16.780,-0.3700,-0.3897,-0.3908,-0.3688,-0.3700,-0.3903,-0.3700, 0.0203,
 16.800,-0.3700,-0.3896,-0.3909,-0.3688,-0.3700,-0.3897,-0.3700, 0.0197,
 16.820,-0.3700,-0.3897,-0.3909,-0.3688,-0.3700,-0.3899,-0.3700, 0.0199,
 16.840,-0.3700,-0.3896,-0.3908,-0.3688,-0.3700,-0.3895,-0.3700, 0.0195,
 16.860,-0.3700,-0.3897,-0.3910,-0.3688,-0.3700,-0.3901,-0.3700, 0.0201,
 16.880,-0.3700,-0.3897,-0.3909,-0.3696,-0.3700,-0.3903,-0.3700, 0.0203,
 16.900,-0.3700,-0.3898,-0.3910,-0.3739,-0.3700,-0.3900,-0.3700, 0.0200,
 16.920,-0.3700,-0.3897,-0.3908,-0.3735,-0.3700,-0.3878,-0.3700, 0.0178,
 16.940,-0.3700,-0.3897,-0.3910,-0.3725,-0.3700,-0.3900,-0.3700, 0.0200,
 16.960,-0.3700,-0.3899,-0.3909,-0.3739,-0.3700,-0.3897,-0.3700, 0.0197,
 16.980,-0.3700,-0.3895,-0.3909,-0.3684,-0.3700,-0.3896,-0.3700, 0.0196,
 17.000,-0.3700,-0.3898,-0.3909,-0.3737,-0.3700,-0.3895,-0.3700, 0.0195,
 17.020,-0.3700,-0.3898,-0.3921,-0.3684,-0.3700,-0.3899,-0.3700, 0.0199,
 17.040,-0.3700,-0.3896,-0.3928,-0.3736,-0.3700,-0.3836,-0.3700, 0.0136,
 17.060,-0.3700,-0.3899,-0.3957,-0.3683,-0.3700,-0.3916,-0.3700, 0.0216,
 17.080,-0.3700,-0.3896,-0.3732,-0.3735,-0.3700,-0.3906,-0.3700, 0.0206,
 17.100,-0.3700,-0.3898,-0.3940,-0.3682,-0.3700,-0.3932,-0.3700, 0.0232,
 17.120,-0.3700,-0.3896,-0.3924,-0.3735,-0.3700,-0.3919,-0.3700, 0.0219,
 17.140,-0.3700,-0.3898,-0.3921,-0.3681,-0.3700,-0.3824,-0.3700, 0.0124,
 17.160,-0.3700,-0.3897,-0.3899,-0.3734,-0.3700,-0.3921,-0.3700, 0.0221,
 17.180,-0.3700,-0.3897,-0.3941,-0.3681,-0.3700,-0.3827,-0.3700, 0.0127,
 17.200,-0.3700,-0.3898,-0.3963,-0.3734,-0.3700,-0.3863,-0.3700, 0.0163,
 17.220,-0.3700,-0.3897,-0.3872,-0.3681,-0.3700,-0.3844,-0.3700, 0.0144,
 17.240,-0.3700,-0.3898,-0.3885,-0.3734,-0.3700,-0.3934,-0.3700, 0.0234,
 17.260,-0.3700,-0.3896,-0.3899,-0.3681,-0.3700,-0.3860,-0.3700, 0.0160,
 17.280,-0.3700,-0.3899,-0.3886,-0.3734,-0.3700,-0.3948,-0.3700, 0.0248,
 17.300,-0.3700,-0.3897,-0.3903,-0.3681,-0.3700,-0.3752,-0.3700, 0.0052,
 17.320,-0.3700,-0.3898,-0.3892,-0.3734,-0.3700,-0.3950,-0.3700, 0.0250,
 17.340,-0.3700,-0.3897,-0.3902,-0.3681,-0.3700,-0.3755,-0.3700, 0.0055,
 17.360,-0.3700,-0.3898,-0.3895,-0.3734,-0.3700,-0.3892,-0.3700, 0.0192,
 17.380,-0.3700,-0.3897,-0.3901,-0.3681,-0.3700,-0.3772,-0.3700, 0.0072,
 17.400,-0.3700,-0.3898,-0.3897,-0.3734,-0.3700,-0.3963,-0.3700, 0.0263,
 17.420,-0.3700,-0.3897,-0.3900,-0.3681,-0.3700,-0.3788,-0.3700, 0.0088,
 17.440,-0.3700,-0.3897,-0.3897,-0.3734,-0.3700,-0.3977,-0.3700, 0.0277,
 17.460,-0.3700,-0.3897,-0.3900,-0.3681,-0.3700,-0.3680,-0.3700,-0.0020,
 17.480,-0.3700,-0.3897,-0.3897,-0.3734,-0.3700,-0.3979,-0.3700, 0.0279,
 17.500,-0.3700,-0.3898,-0.3899,-0.3681,-0.3700,-0.3683,-0.3700,-0.0017,
 17.520,-0.3700,-0.3896,-0.3898,-0.3734,-0.3700,-0.3921,-0.3700, 0.0221,
 17.540,-0.3700,-0.3899,-0.3898,-0.3681,-0.3700,-0.3700,-0.3700, 0.0000,
 17.560,-0.3700,-0.3896,-0.3898,-0.3734,-0.3700,-0.3992,-0.3700, 0.0292,
 17.580,-0.3700,-0.3899,-0.3898,-0.3681,-0.3700,-0.3716,-0.3700, 0.0016,
 17.600,-0.3700,-0.3896,-0.3897,-0.3734,-0.3700,-0.4006,-0.3700, 0.0306,
 17.620,-0.3700,-0.3898,-0.3898,-0.3681,-0.3700,-0.3608,-0.3700,-0.0092,
 17.640,-0.3700,-0.3898,-0.3898,-0.3734,-0.3700,-0.4008,-0.3700, 0.0308,
 17.660,-0.3700,-0.3896,-0.3897,-0.3681,-0.3700,-0.3611,-0.3700,-0.0089,
 17.680,-0.3700,-0.3899,-0.3221,-0.3734,-0.3700,-0.3951,-0.3700, 0.0251,
 17.700,-0.3700,-0.3896,-0.4103,-0.3681,-0.3700,-0.3628,-0.3700,-0.0072,
 17.720,-0.3700,-0.3898,-0.4194,-0.3734,-0.3700,-0.4022,-0.3700, 0.0322,
 17.740,-0.3700,-0.3896,-0.4254,-0.3681,-0.3700,-0.3644,-0.3700,-0.0056,
 17.760,-0.3700,-0.3899,-0.4136,-0.3734,-0.3700,-0.4036,-0.3700, 0.0336,
 17.780,-0.3700,-0.3897,-0.3188,-0.3681,-0.3700,-0.3536,-0.3700,-0.0164,
 17.800,-0.3700,-0.3897,-0.4169,-0.3734,-0.3700,-0.4037,-0.3700, 0.0337,
 17.820,-0.3700,-0.3897,-0.3189,-0.3681,-0.3700,-0.3538,-0.3700,-0.0162,
 17.840,-0.3700,-0.3898,-0.4184,-0.3736,-0.3700,-0.3978,-0.3700, 0.0278,
 17.860,-0.3700,-0.3897,-0.3190,-0.3685,-0.3700,-0.3552,-0.3700,-0.0148,
 17.880,-0.3700,-0.3898,-0.4192,-0.3691,-0.3700,-0.4066,-0.3700, 0.0366,
 17.900,-0.3700,-0.3897,-0.3190,-0.3697,-0.3700,-0.3570,-0.3700,-0.0130,
 17.920,-0.3700,-0.3897,-0.4197,-0.3738,-0.3700,-0.4063,-0.3700, 0.0363,
 17.940,-0.3700,-0.3897,-0.3191,-0.3684,-0.3700,-0.3463,-0.3700,-0.0237,
 17.960,-0.3700,-0.3897,-0.4199,-0.3736,-0.3700,-0.4067,-0.3700, 0.0367,
 17.980,-0.3700,-0.3898,-0.3191,-0.3679,-0.3700,-0.3463,-0.3700,-0.0237,
 18.000,-0.3700,-0.3897,-0.4200,-0.3688,-0.3700,-0.3998,-0.3700, 0.0298,
 18.020,-0.3700,-0.3898,-0.3191,-0.3692,-0.3700,-0.3484,-0.3700,-0.0216,
 18.040,-0.3700,-0.3897,-0.4201,-0.3728,-0.3700,-0.3999,-0.3700, 0.0299,
 18.060,-0.3700,-0.3898,-0.3191,-0.3676,-0.3700,-0.3574,-0.3700,-0.0126,
 18.080,-0.3700,-0.3896,-0.4201,-0.3733,-0.3700,-0.4090,-0.3700, 0.0390,
 18.100,-0.3700,-0.3898,-0.3191,-0.3676,-0.3700,-0.3392,-0.3700,-0.0308,
 18.120,-0.3700,-0.3897,-0.4201,-0.3733,-0.3700,-0.4096,-0.3700, 0.0396,
 18.140,-0.3700,-0.3897,-0.3191,-0.3677,-0.3700,-0.3392,-0.3700,-0.0308,
 18.160,-0.3700,-0.3898,-0.4201,-0.3733,-0.3700,-0.3930,-0.3700, 0.0230,
 18.180,-0.3700,-0.3897,-0.3191,-0.3678,-0.3700,-0.3413,-0.3700,-0.0287,
 18.200,-0.3700,-0.3898,-0.4201,-0.3733,-0.3700,-0.4034,-0.3700, 0.0334,
 18.220,-0.3700,-0.3897,-0.3191,-0.3679,-0.3700,-0.3504,-0.3700,-0.0196,
 18.240,-0.3700,-0.3898,-0.4201,-0.3733,-0.3700,-0.4121,-0.3700, 0.0421,
 18.260,-0.3700,-0.3897,-0.3191,-0.3679,-0.3700,-0.3322,-0.3700,-0.0378,
 18.280,-0.3700,-0.3898,-0.4201,-0.3733,-0.3700,-0.4128,-0.3700, 0.0428,
 18.300,-0.3700,-0.3897,-0.3191,-0.3679,-0.3700,-0.3322,-0.3700,-0.0378,
 18.320,-0.3700,-0.3897,-0.4200,-0.3733,-0.3700,-0.3961,-0.3700, 0.0261,
 18.340,-0.3700,-0.3897,-0.3191,-0.3679,-0.3700,-0.3343,-0.3700,-0.0357,
 18.360,-0.3700,-0.3897,-0.4200,-0.3732,-0.3700,-0.4066,-0.3700, 0.0366,
 18.380,-0.3700,-0.3897,-0.3192,-0.3679,-0.3700,-0.3434,-0.3700,-0.0266,
 18.400,-0.3700,-0.3897,-0.4200,-0.3733,-0.3700,-0.4153,-0.3700, 0.0453,
 18.420,-0.3700,-0.3897,-0.3191,-0.3679,-0.3700,-0.3252,-0.3700,-0.0448,
 18.440,-0.3700,-0.3897,-0.4201,-0.3732,-0.3700,-0.4159,-0.3700, 0.0459,
 18.460,-0.3700,-0.3898,-0.3191,-0.3679,-0.3700,-0.3252,-0.3700,-0.0448,
 18.480,-0.3700,-0.3896,-0.4201,-0.3732,-0.3700,-0.4060,-0.3700, 0.0360,
 18.500,-0.3700,-0.2954,-0.3191,-0.3679,-0.3700,-0.3205,-0.3700,-0.0495,
 18.520,-0.3700,-0.4221,-0.4201,-0.3732,-0.3700,-0.4084,-0.3700, 0.0384,
 18.540,-0.3700,-0.4372,-0.3191,-0.3679,-0.3700,-0.3352,-0.3700,-0.0348,
 18.560,-0.3700,-0.4474,-0.4201,-0.3732,-0.3700,-0.4190,-0.3700, 0.0490,
 18.580,-0.3700,-0.4276,-0.3191,-0.3679,-0.3700,-0.3271,-0.3700,-0.0429,
 18.600,-0.3700,-0.2899,-0.4201,-0.3732,-0.3700,-0.4114,-0.3700, 0.0414,
 18.620,-0.3700,-0.4331,-0.3191,-0.3679,-0.3700,-0.3274,-0.3700,-0.0426,
 18.640,-0.3700,-0.2899,-0.4185,-0.3732,-0.3700,-0.4013,-0.3700, 0.0313,
 18.660,-0.3700,-0.4356,-0.3188,-0.3679,-0.3700,-0.3249,-0.3700,-0.0451,
 18.680,-0.3700,-0.2900,-0.3198,-0.3732,-0.3700,-0.4032,-0.3700, 0.0332,
 18.700,-0.3700,-0.4371,-0.3948,-0.3679,-0.3700,-0.3370,-0.3700,-0.0330,
 18.720,-0.3700,-0.2901,-0.4151,-0.3732,-0.3700,-0.4135,-0.3700, 0.0435,
 18.740,-0.3700,-0.4378,-0.3189,-0.3679,-0.3700,-0.3291,-0.3700,-0.0409,
 18.760,-0.3700,-0.2902,-0.4183,-0.3732,-0.3700,-0.4087,-0.3700, 0.0387,
 18.780,-0.3700,-0.4382,-0.3195,-0.3679,-0.3700,-0.3293,-0.3700,-0.0407,
 18.800,-0.3700,-0.2903,-0.3190,-0.3732,-0.3700,-0.3986,-0.3700, 0.0286,
 18.820,-0.3700,-0.4383,-0.3201,-0.3679,-0.3700,-0.3268,-0.3700,-0.0432,
 18.840,-0.3700,-0.2903,-0.4241,-0.3732,-0.3700,-0.4005,-0.3700, 0.0305,
 18.860,-0.3700,-0.4384,-0.3202,-0.3679,-0.3700,-0.3389,-0.3700,-0.0311,
 18.880,-0.3700,-0.2903,-0.4212,-0.3732,-0.3700,-0.4108,-0.3700, 0.0408,
 18.900,-0.3700,-0.4384,-0.3202,-0.3679,-0.3700,-0.3310,-0.3700,-0.0390,
 18.920,-0.3700,-0.2903,-0.4209,-0.3732,-0.3700,-0.4059,-0.3700, 0.0359,
 18.940,-0.3700,-0.4384,-0.3198,-0.3679,-0.3700,-0.3312,-0.3700,-0.0388,
 18.960,-0.3700,-0.2903,-0.4211,-0.3732,-0.3700,-0.3959,-0.3700, 0.0259,
 18.980,-0.3700,-0.4384,-0.3196,-0.3679,-0.3700,-0.3287,-0.3700,-0.0413,
 19.000,-0.3700,-0.2903,-0.4213,-0.3732,-0.3700,-0.3977,-0.3700, 0.0277,
 19.020,-0.3700,-0.4384,-0.3195,-0.3679,-0.3700,-0.3408,-0.3700,-0.0292,
 19.040,-0.3700,-0.2903,-0.4213,-0.3732,-0.3700,-0.4080,-0.3700, 0.0380,
 19.060,-0.3700,-0.4384,-0.3195,-0.3679,-0.3700,-0.3328,-0.3700,-0.0372,
 19.080,-0.3700,-0.2903,-0.4213,-0.3732,-0.3700,-0.4032,-0.3700, 0.0332,
 19.100,-0.3700,-0.4384,-0.3195,-0.3679,-0.3700,-0.3331,-0.3700,-0.0369,
 19.120,-0.3700,-0.2903,-0.4214,-0.3732,-0.3700,-0.3932,-0.3700, 0.0232,
 19.140,-0.3700,-0.4384,-0.3195,-0.3679,-0.3700,-0.3305,-0.3700,-0.0395,
 19.160,-0.3700,-0.2903,-0.4215,-0.3732,-0.3700,-0.3950,-0.3700, 0.0250,
 19.180,-0.3700,-0.4384,-0.3195,-0.3679,-0.3700,-0.3427,-0.3700,-0.0273,
 19.200,-0.3700,-0.2903,-0.4215,-0.3732,-0.3700,-0.4053,-0.3700, 0.0353,
 19.220,-0.3700,-0.4384,-0.3195,-0.3679,-0.3700,-0.3347,-0.3700,-0.0353,
 19.240,-0.3700,-0.2903,-0.4215,-0.3732,-0.3700,-0.4005,-0.3700, 0.0305,
 19.260,-0.3700,-0.4384,-0.3195,-0.3679,-0.3700,-0.3350,-0.3700,-0.0350,
 19.280,-0.3700,-0.2903,-0.4215,-0.3732,-0.3700,-0.3904,-0.3700, 0.0204,
 19.300,-0.3700,-0.4384,-0.2928,-0.3679,-0.3700,-0.3324,-0.3700,-0.0376,
 19.320,-0.3700,-0.2903,-0.4334,-0.3732,-0.3700,-0.3923,-0.3700, 0.0223,
 19.340,-0.3700,-0.4384,-0.3374,-0.3679,-0.3700,-0.3445,-0.3700,-0.0255,
 19.360,-0.3700,-0.2903,-0.4436,-0.3732,-0.3700,-0.4026,-0.3700, 0.0326,
 19.380,-0.3700,-0.4384,-0.3335,-0.3679,-0.3700,-0.3366,-0.3700,-0.0334,
 19.400,-0.3700,-0.2903,-0.3927,-0.3732,-0.3700,-0.3978,-0.3700, 0.0278,
 19.420,-0.3700,-0.4384,-0.3357,-0.3679,-0.3700,-0.3368,-0.3700,-0.0332,
 19.440,-0.3700,-0.2903,-0.3926,-0.3732,-0.3700,-0.3879,-0.3700, 0.0179,
 19.460,-0.3700,-0.4357,-0.3368,-0.3679,-0.3700,-0.3342,-0.3700,-0.0358,
 19.480,-0.3700,-0.2899,-0.3926,-0.3732,-0.3700,-0.3996,-0.3700, 0.0296,
 19.500,-0.3700,-0.2914,-0.3373,-0.3679,-0.3700,-0.3315,-0.3700,-0.0385,
 19.520,-0.3700,-0.3973,-0.3927,-0.3732,-0.3700,-0.4057,-0.3700, 0.0357,
 19.540,-0.3700,-0.4301,-0.3376,-0.3679,-0.3700,-0.3381,-0.3700,-0.0319,
 19.560,-0.3700,-0.2899,-0.3927,-0.3732,-0.3700,-0.3952,-0.3700, 0.0252,
 19.580,-0.3700,-0.4354,-0.3378,-0.3679,-0.3700,-0.3385,-0.3700,-0.0315,
 19.600,-0.3700,-0.2909,-0.3928,-0.3732,-0.3700,-0.3953,-0.3700, 0.0253,
 19.620,-0.3700,-0.2902,-0.3378,-0.3679,-0.3700,-0.3286,-0.3700,-0.0414,
 19.640,-0.3700,-0.2920,-0.3928,-0.3732,-0.3700,-0.3965,-0.3700, 0.0265,
 19.660,-0.3700,-0.4453,-0.3379,-0.3679,-0.3700,-0.3363,-0.3700,-0.0337,
 19.680,-0.3700,-0.2922,-0.3929,-0.3732,-0.3700,-0.4007,-0.3700, 0.0307,
 19.700,-0.3700,-0.4404,-0.3379,-0.3679,-0.3700,-0.3400,-0.3700,-0.0300,
 19.720,-0.3700,-0.2921,-0.3928,-0.3732,-0.3700,-0.3925,-0.3700, 0.0225,
 19.740,-0.3700,-0.4398,-0.3379,-0.3679,-0.3700,-0.3404,-0.3700,-0.0296,
 19.760,-0.3700,-0.2915,-0.3928,-0.3732,-0.3700,-0.3925,-0.3700, 0.0225,
 19.780,-0.3700,-0.4401,-0.3379,-0.3679,-0.3700,-0.3332,-0.3700,-0.0368,
 19.800,-0.3700,-0.2912,-0.3928,-0.3732,-0.3700,-0.3937,-0.3700, 0.0237,
 19.820,-0.3700,-0.4404,-0.3379,-0.3679,-0.3700,-0.3382,-0.3700,-0.0318,
 19.840,-0.3700,-0.2910,-0.3928,-0.3732,-0.3700,-0.3979,-0.3700, 0.0279,
 19.860,-0.3700,-0.4405,-0.3379,-0.3679,-0.3700,-0.3420,-0.3700,-0.0280,
 19.880,-0.3700,-0.2910,-0.3928,-0.3732,-0.3700,-0.3896,-0.3700, 0.0196,
 19.900,-0.3700,-0.4405,-0.3379,-0.3679,-0.3700,-0.3424,-0.3700,-0.0276,
 19.920,-0.3700,-0.2910,-0.3928,-0.3732,-0.3700,-0.3897,-0.3700, 0.0197,
 19.940,-0.3700,-0.4406,-0.3379,-0.3679,-0.3700,-0.3351,-0.3700,-0.0349,
 19.960,-0.3700,-0.2910,-0.3927,-0.3732,-0.3700,-0.3909,-0.3700, 0.0209,
 19.980,-0.3700,-0.4408,-0.3379,-0.3679,-0.3700,-0.3401,-0.3700,-0.0299,
 20.000,-0.3700,-0.2910,-0.3927,-0.3732,-0.3700,-0.3951,-0.3700, 0.0251,
 20.020,-0.3700,-0.4408,-0.3379,-0.3679,-0.3700,-0.3439,-0.3700,-0.0261,
 20.040,-0.3700,-0.2910,-0.3928,-0.3732,-0.3700,-0.3868,-0.3700, 0.0168,
 20.060,-0.3700,-0.4408,-0.3379,-0.3679,-0.3700,-0.3443,-0.3700,-0.0257,
 20.080,-0.3700,-0.2910,-0.3928,-0.3732,-0.3700,-0.3868,-0.3700, 0.0168,
 20.100,-0.3700,-0.4409,-0.3378,-0.3679,-0.3700,-0.3397,-0.3700,-0.0303,
 20.120,-0.3700,-0.2982,-0.3928,-0.3679,-0.3700,-0.3869,-0.3700, 0.0169,
 20.140,-0.3700,-0.4341,-0.3379,-0.3709,-0.3700,-0.3401,-0.3700,-0.0299,
 20.160,-0.3700,-0.2980,-0.3928,-0.3716,-0.3700,-0.3903,-0.3700, 0.0203,
 20.180,-0.3700,-0.4342,-0.3378,-0.3723,-0.3700,-0.3443,-0.3700,-0.0257,
 20.200,-0.3700,-0.2980,-0.3928,-0.3711,-0.3700,-0.3871,-0.3700, 0.0171,
 20.220,-0.3700,-0.4343,-0.3379,-0.3675,-0.3700,-0.3443,-0.3700,-0.0257,
 20.240,-0.3700,-0.2980,-0.3928,-0.3714,-0.3700,-0.3871,-0.3700, 0.0171,
 20.260,-0.3700,-0.4341,-0.3367,-0.3675,-0.3700,-0.3396,-0.3700,-0.0304,
 20.280,-0.3700,-0.2980,-0.3927,-0.3715,-0.3700,-0.3843,-0.3700, 0.0143,
 20.300,-0.3700,-0.4341,-0.2912,-0.3675,-0.3700,-0.3442,-0.3700,-0.0258,
 20.320,-0.3700,-0.2980,-0.4242,-0.3716,-0.3700,-0.3834,-0.3700, 0.0134,
 20.340,-0.3700,-0.4341,-0.3345,-0.3675,-0.3700,-0.3474,-0.3700,-0.0226,
 20.360,-0.3700,-0.2980,-0.3926,-0.3717,-0.3700,-0.3806,-0.3700, 0.0106,
 20.380,-0.3700,-0.4341,-0.3367,-0.3675,-0.3700,-0.3522,-0.3700,-0.0178,
 20.400,-0.3700,-0.2980,-0.3930,-0.3717,-0.3700,-0.3804,-0.3700, 0.0104,
 20.420,-0.3700,-0.4342,-0.2907,-0.3675,-0.3700,-0.3475,-0.3700,-0.0225,
 20.440,-0.3700,-0.2980,-0.3935,-0.3717,-0.3700,-0.3775,-0.3700, 0.0075,
 20.460,-0.3700,-0.4342,-0.3407,-0.3675,-0.3700,-0.3522,-0.3700,-0.0178,
 20.480,-0.3700,-0.2980,-0.3936,-0.3717,-0.3700,-0.3765,-0.3700, 0.0065,
 20.500,-0.3700,-0.4342,-0.3387,-0.3675,-0.3700,-0.3554,-0.3700,-0.0146,
 20.520,-0.3700,-0.2980,-0.3935,-0.3717,-0.3700,-0.3736,-0.3700, 0.0036,
 20.540,-0.3700,-0.4342,-0.3384,-0.3675,-0.3700,-0.3602,-0.3700,-0.0098,
 20.560,-0.3700,-0.2980,-0.3933,-0.3717,-0.3700,-0.3735,-0.3700, 0.0035,
 20.580,-0.3700,-0.4342,-0.3386,-0.3675,-0.3700,-0.3555,-0.3700,-0.0145,
 20.600,-0.3700,-0.2980,-0.3932,-0.3717,-0.3700,-0.3705,-0.3700, 0.0005,
 20.620,-0.3700,-0.4342,-0.3387,-0.3675,-0.3700,-0.3601,-0.3700,-0.0099,
 20.640,-0.3700,-0.2980,-0.3931,-0.3717,-0.3700,-0.3696,-0.3700,-0.0004,
 20.660,-0.3700,-0.4342,-0.3387,-0.3675,-0.3700,-0.3633,-0.3700,-0.0067,
 20.680,-0.3700,-0.2980,-0.3931,-0.3717,-0.3700,-0.3667,-0.3700,-0.0033,
 20.700,-0.3700,-0.4342,-0.3387,-0.3675,-0.3700,-0.3681,-0.3700,-0.0019,
 20.720,-0.3700,-0.2980,-0.3931,-0.3717,-0.3700,-0.3665,-0.3700,-0.0035,
 20.740,-0.3700,-0.4341,-0.3388,-0.3675,-0.3700,-0.3634,-0.3700,-0.0066,
 20.760,-0.3700,-0.2980,-0.3931,-0.3717,-0.3700,-0.3636,-0.3700,-0.0064,
 20.780,-0.3700,-0.4341,-0.3388,-0.3675,-0.3700,-0.3680,-0.3700,-0.0020,
 20.800,-0.3700,-0.2980,-0.3931,-0.3717,-0.3700,-0.3626,-0.3700,-0.0074,
 20.820,-0.3700,-0.4341,-0.3388,-0.3675,-0.3700,-0.3712,-0.3700, 0.0012,
 20.840,-0.3700,-0.2980,-0.3931,-0.3717,-0.3700,-0.3598,-0.3700,-0.0102,
 20.860,-0.3700,-0.4341,-0.3388,-0.3675,-0.3700,-0.3760,-0.3700, 0.0060,
 20.880,-0.3700,-0.2980,-0.3931,-0.3717,-0.3700,-0.3596,-0.3700,-0.0104,
 20.900,-0.3700,-0.4342,-0.3389,-0.3675,-0.3700,-0.3713,-0.3700, 0.0013,
 20.920,-0.3700,-0.2980,-0.3646,-0.3717,-0.3700,-0.3567,-0.3700,-0.0133,
 20.940,-0.3700,-0.4342,-0.3806,-0.3675,-0.3700,-0.3760,-0.3700, 0.0060,
 20.960,-0.3700,-0.2980,-0.3238,-0.3717,-0.3700,-0.3557,-0.3700,-0.0143,
 20.980,-0.3700,-0.4342,-0.3712,-0.3675,-0.3700,-0.3791,-0.3700, 0.0091,
 21.000,-0.3700,-0.2980,-0.3271,-0.3717,-0.3700,-0.3528,-0.3700,-0.0172,
 21.020,-0.3700,-0.4342,-0.4174,-0.3675,-0.3700,-0.3840,-0.3700, 0.0140,
 21.040,-0.3700,-0.2980,-0.3253,-0.3717,-0.3700,-0.3526,-0.3700,-0.0174,
 21.060,-0.3700,-0.4342,-0.4173,-0.3675,-0.3700,-0.3794,-0.3700, 0.0094,
 21.080,-0.3700,-0.2980,-0.3244,-0.3715,-0.3700,-0.3497,-0.3700,-0.0203,
 21.100,-0.3700,-0.4342,-0.4172,-0.3675,-0.3700,-0.3886,-0.3700, 0.0186,
 21.120,-0.3700,-0.2980,-0.3239,-0.3676,-0.3700,-0.3454,-0.3700,-0.0246,
 21.140,-0.3700,-0.4410,-0.4172,-0.3684,-0.3700,-0.3878,-0.3700, 0.0178,
 21.160,-0.3700,-0.2982,-0.3237,-0.3712,-0.3700,-0.3459,-0.3700,-0.0241,
 21.180,-0.3700,-0.4342,-0.4172,-0.3675,-0.3700,-0.3920,-0.3700, 0.0220,
 21.200,-0.3700,-0.2980,-0.3235,-0.3715,-0.3700,-0.3457,-0.3700,-0.0243,
 21.220,-0.3700,-0.4341,-0.4172,-0.3676,-0.3700,-0.3920,-0.3700, 0.0220,
 21.240,-0.3700,-0.2980,-0.3235,-0.3675,-0.3700,-0.3426,-0.3700,-0.0274,
 21.260,-0.3700,-0.4341,-0.4172,-0.3677,-0.3700,-0.3962,-0.3700, 0.0262,
 21.280,-0.3700,-0.2980,-0.3234,-0.3722,-0.3700,-0.3429,-0.3700,-0.0271,
 21.300,-0.3700,-0.4341,-0.4172,-0.3677,-0.3700,-0.3874,-0.3700, 0.0174,
 21.320,-0.3700,-0.2980,-0.3234,-0.3718,-0.3700,-0.3392,-0.3700,-0.0308,
 21.340,-0.3700,-0.4341,-0.4172,-0.3677,-0.3700,-0.3999,-0.3700, 0.0299,
 21.360,-0.3700,-0.2980,-0.3234,-0.3718,-0.3700,-0.3388,-0.3700,-0.0312,
 21.380,-0.3700,-0.4342,-0.4172,-0.3676,-0.3700,-0.3999,-0.3700, 0.0299,
 21.400,-0.3700,-0.2980,-0.3234,-0.3718,-0.3700,-0.3402,-0.3700,-0.0298,
 21.420,-0.3700,-0.4342,-0.4172,-0.3676,-0.3700,-0.4040,-0.3700, 0.0340,
 21.440,-0.3700,-0.2980,-0.3234,-0.3718,-0.3700,-0.3357,-0.3700,-0.0343,
 21.460,-0.3700,-0.4342,-0.4172,-0.3676,-0.3700,-0.3952,-0.3700, 0.0252,
 21.480,-0.3700,-0.2980,-0.3234,-0.3718,-0.3700,-0.3322,-0.3700,-0.0378,
 21.500,-0.3700,-0.4342,-0.4172,-0.3676,-0.3700,-0.4077,-0.3700, 0.0377,
 21.520,-0.3700,-0.2980,-0.3234,-0.3718,-0.3700,-0.3318,-0.3700,-0.0382,
 21.540,-0.3700,-0.4342,-0.4171,-0.3676,-0.3700,-0.4077,-0.3700, 0.0377,
 21.560,-0.3700,-0.2980,-0.3234,-0.3718,-0.3700,-0.3331,-0.3700,-0.0369,
 21.580,-0.3700,-0.4342,-0.4171,-0.3676,-0.3700,-0.4118,-0.3700, 0.0418,
 21.600,-0.3700,-0.2980,-0.3235,-0.3719,-0.3700,-0.3286,-0.3700,-0.0414,
 21.620,-0.3700,-0.4342,-0.4171,-0.3676,-0.3700,-0.4030,-0.3700, 0.0330,
 21.640,-0.3700,-0.2980,-0.3234,-0.3719,-0.3700,-0.3251,-0.3700,-0.0449,
 21.660,-0.3700,-0.4342,-0.4172,-0.3676,-0.3700,-0.4155,-0.3700, 0.0455,
 21.680,-0.3700,-0.2980,-0.3234,-0.3719,-0.3700,-0.3248,-0.3700,-0.0452,
 21.700,-0.3700,-0.4341,-0.4172,-0.3676,-0.3700,-0.4155,-0.3700, 0.0455,
 21.720,-0.3700,-0.2980,-0.3234,-0.3719,-0.3700,-0.3289,-0.3700,-0.0411,
 21.740,-0.3700,-0.3907,-0.4172,-0.3673,-0.3700,-0.4133,-0.3700, 0.0433,
 21.760,-0.3700,-0.3557,-0.3234,-0.3721,-0.3700,-0.3314,-0.3700,-0.0386,
 21.780,-0.3700,-0.3482,-0.4172,-0.3673,-0.3700,-0.4032,-0.3700, 0.0332,
 21.800,-0.3700,-0.3431,-0.3234,-0.3721,-0.3700,-0.3269,-0.3700,-0.0431,
 21.820,-0.3700,-0.3508,-0.4172,-0.3673,-0.3700,-0.4113,-0.3700, 0.0413,
 21.840,-0.3700,-0.3951,-0.3234,-0.3721,-0.3700,-0.3294,-0.3700,-0.0406,
 21.860,-0.3700,-0.3513,-0.4172,-0.3673,-0.3700,-0.4113,-0.3700, 0.0413,
 21.880,-0.3700,-0.3963,-0.3244,-0.3721,-0.3700,-0.3337,-0.3700,-0.0363,
 21.900,-0.3700,-0.3508,-0.4173,-0.3673,-0.3700,-0.4098,-0.3700, 0.0398,
 21.920,-0.3700,-0.3964,-0.3660,-0.3721,-0.3700,-0.3356,-0.3700,-0.0344,
 21.940,-0.3700,-0.3502,-0.3382,-0.3673,-0.3700,-0.4010,-0.3700, 0.0310,
 21.960,-0.3700,-0.3963,-0.3263,-0.3721,-0.3700,-0.3313,-0.3700,-0.0387,
 21.980,-0.3700,-0.3499,-0.4173,-0.3673,-0.3700,-0.4092,-0.3700, 0.0392,
 22.000,-0.3700,-0.3962,-0.3245,-0.3721,-0.3700,-0.3326,-0.3700,-0.0374,
 22.020,-0.3700,-0.3497,-0.4170,-0.3673,-0.3700,-0.4089,-0.3700, 0.0389,
 22.040,-0.3700,-0.3962,-0.3664,-0.3721,-0.3700,-0.3368,-0.3700,-0.0332,
 22.060,-0.3700,-0.3496,-0.4166,-0.3673,-0.3700,-0.4073,-0.3700, 0.0373,
 22.080,-0.3700,-0.3962,-0.3211,-0.3721,-0.3700,-0.3387,-0.3700,-0.0313,
 22.100,-0.3700,-0.3496,-0.4165,-0.3673,-0.3700,-0.3986,-0.3700, 0.0286,
 22.120,-0.3700,-0.3961,-0.3227,-0.3721,-0.3700,-0.3344,-0.3700,-0.0356,
 22.140,-0.3700,-0.3496,-0.4165,-0.3673,-0.3700,-0.4068,-0.3700, 0.0368,
 22.160,-0.3700,-0.3961,-0.3230,-0.3721,-0.3700,-0.3357,-0.3700,-0.0343,
 22.180,-0.3700,-0.3496,-0.4168,-0.3673,-0.3700,-0.4065,-0.3700, 0.0365,
 22.200,-0.3700,-0.3961,-0.3228,-0.3721,-0.3700,-0.3399,-0.3700,-0.0301,
 22.220,-0.3700,-0.3496,-0.4169,-0.3673,-0.3700,-0.4049,-0.3700, 0.0349,
 22.240,-0.3700,-0.3961,-0.3227,-0.3721,-0.3700,-0.3418,-0.3700,-0.0282,
 22.260,-0.3700,-0.3496,-0.4169,-0.3673,-0.3700,-0.3962,-0.3700, 0.0262,
 22.280,-0.3700,-0.3961,-0.3227,-0.3721,-0.3700,-0.3375,-0.3700,-0.0325,
 22.300,-0.3700,-0.3496,-0.4169,-0.3673,-0.3700,-0.4043,-0.3700, 0.0343,
 22.320,-0.3700,-0.3961,-0.3227,-0.3721,-0.3700,-0.3388,-0.3700,-0.0312,
 22.340,-0.3700,-0.3496,-0.4169,-0.3673,-0.3700,-0.4041,-0.3700, 0.0341,
 22.360,-0.3700,-0.3961,-0.3227,-0.3721,-0.3700,-0.3430,-0.3700,-0.0270,
 22.380,-0.3700,-0.3496,-0.4169,-0.3673,-0.3700,-0.4025,-0.3700, 0.0325,
 22.400,-0.3700,-0.3961,-0.3226,-0.3721,-0.3700,-0.3449,-0.3700,-0.0251,
 22.420,-0.3700,-0.3496,-0.4169,-0.3673,-0.3700,-0.3938,-0.3700, 0.0238,
 22.440,-0.3700,-0.3961,-0.3226,-0.3721,-0.3700,-0.3406,-0.3700,-0.0294,
 22.460,-0.3700,-0.3496,-0.4169,-0.3673,-0.3700,-0.4019,-0.3700, 0.0319,
 22.480,-0.3700,-0.3961,-0.3226,-0.3721,-0.3700,-0.3419,-0.3700,-0.0281,
 22.500,-0.3700,-0.3496,-0.4169,-0.3673,-0.3700,-0.4017,-0.3700, 0.0317,
 22.520,-0.3700,-0.3961,-0.3226,-0.3721,-0.3700,-0.3461,-0.3700,-0.0239,
 22.540,-0.3700,-0.3496,-0.4021,-0.3673,-0.3700,-0.4001,-0.3700, 0.0301,
 22.560,-0.3700,-0.3961,-0.3457,-0.3721,-0.3700,-0.3481,-0.3700,-0.0219,
 22.580,-0.3700,-0.3496,-0.3941,-0.3673,-0.3700,-0.3914,-0.3700, 0.0214,
 22.600,-0.3700,-0.3961,-0.3405,-0.3721,-0.3700,-0.3437,-0.3700,-0.0263,
 22.620,-0.3700,-0.3496,-0.3967,-0.3673,-0.3700,-0.3995,-0.3700, 0.0295,
 22.640,-0.3700,-0.3961,-0.3550,-0.3721,-0.3700,-0.3450,-0.3700,-0.0250,
 22.660,-0.3700,-0.3496,-0.3944,-0.3673,-0.3700,-0.3993,-0.3700, 0.0293,
 22.680,-0.3700,-0.3961,-0.3547,-0.3721,-0.3700,-0.3491,-0.3700,-0.0209,
 22.700,-0.3700,-0.3508,-0.3936,-0.3673,-0.3700,-0.3978,-0.3700, 0.0278,
 22.720,-0.3700,-0.3964,-0.3547,-0.3721,-0.3700,-0.3469,-0.3700,-0.0231,
 22.740,-0.3700,-0.3975,-0.3933,-0.3673,-0.3700,-0.3993,-0.3700, 0.0293,
 22.760,-0.3700,-0.2966,-0.3546,-0.3719,-0.3700,-0.3416,-0.3700,-0.0284,
 22.780,-0.3700,-0.3443,-0.3932,-0.3673,-0.3700,-0.3968,-0.3700, 0.0268,
 22.800,-0.3700,-0.3934,-0.3546,-0.3721,-0.3700,-0.3479,-0.3700,-0.0221,
 22.820,-0.3700,-0.3495,-0.3931,-0.3673,-0.3700,-0.3969,-0.3700, 0.0269,
 22.840,-0.3700,-0.3953,-0.3545,-0.3721,-0.3700,-0.3479,-0.3700,-0.0221,
 22.860,-0.3700,-0.3977,-0.3931,-0.3673,-0.3700,-0.3978,-0.3700, 0.0278,
 22.880,-0.3700,-0.3979,-0.3545,-0.3721,-0.3700,-0.3503,-0.3700,-0.0197,
 22.900,-0.3700,-0.3478,-0.3931,-0.3673,-0.3700,-0.3957,-0.3700, 0.0257,
 22.920,-0.3700,-0.3956,-0.3545,-0.3721,-0.3700,-0.3465,-0.3700,-0.0235,
 22.940,-0.3700,-0.3488,-0.3931,-0.3673,-0.3700,-0.3948,-0.3700, 0.0248,
 22.960,-0.3700,-0.3953,-0.3545,-0.3721,-0.3700,-0.3514,-0.3700,-0.0186,
 22.980,-0.3700,-0.3489,-0.3931,-0.3673,-0.3700,-0.3946,-0.3700, 0.0246,
 23.000,-0.3700,-0.3955,-0.3545,-0.3721,-0.3700,-0.3511,-0.3700,-0.0189,
 23.020,-0.3700,-0.3487,-0.3931,-0.3673,-0.3700,-0.3943,-0.3700, 0.0243,
 23.040,-0.3700,-0.3957,-0.3545,-0.3721,-0.3700,-0.3533,-0.3700,-0.0167,
 23.060,-0.3700,-0.3486,-0.3931,-0.3673,-0.3700,-0.3931,-0.3700, 0.0231,
 23.080,-0.3700,-0.3957,-0.3545,-0.3721,-0.3700,-0.3496,-0.3700,-0.0204,
 23.100,-0.3700,-0.3486,-0.3931,-0.3673,-0.3700,-0.3924,-0.3700, 0.0224,
 23.120,-0.3700,-0.3957,-0.3545,-0.3721,-0.3700,-0.3546,-0.3700,-0.0154,
 23.140,-0.3700,-0.3486,-0.3931,-0.3673,-0.3700,-0.3922,-0.3700, 0.0222,
 23.160,-0.3700,-0.3957,-0.3546,-0.3721,-0.3700,-0.3543,-0.3700,-0.0157,
 23.180,-0.3700,-0.3485,-0.3931,-0.3673,-0.3700,-0.3918,-0.3700, 0.0218,
 23.200,-0.3700,-0.3957,-0.3546,-0.3721,-0.3700,-0.3565,-0.3700,-0.0135,
 23.220,-0.3700,-0.3485,-0.3930,-0.3673,-0.3700,-0.3907,-0.3700, 0.0207,
 23.240,-0.3700,-0.3957,-0.3547,-0.3721,-0.3700,-0.3528,-0.3700,-0.0172,
 23.260,-0.3700,-0.3485,-0.3931,-0.3673,-0.3700,-0.3899,-0.3700, 0.0199,
 23.280,-0.3700,-0.3957,-0.3546,-0.3721,-0.3700,-0.3578,-0.3700,-0.0122,
 23.300,-0.3700,-0.3485,-0.3931,-0.3673,-0.3700,-0.3898,-0.3700, 0.0198,
 23.320,-0.3700,-0.3957,-0.3545,-0.3721,-0.3700,-0.3575,-0.3700,-0.0125,
 23.340,-0.3700,-0.3484,-0.3931,-0.3673,-0.3700,-0.3909,-0.3700, 0.0209,
 23.360,-0.3700,-0.4012,-0.3545,-0.3689,-0.3700,-0.3575,-0.3700,-0.0125,
 23.380,-0.3700,-0.3410,-0.3931,-0.3725,-0.3700,-0.3905,-0.3700, 0.0205,
 23.400,-0.3700,-0.4081,-0.3545,-0.3718,-0.3700,-0.3548,-0.3700,-0.0152,
 23.420,-0.3700,-0.3408,-0.3931,-0.3663,-0.3700,-0.3891,-0.3700, 0.0191,
 23.440,-0.3700,-0.4081,-0.3545,-0.3669,-0.3700,-0.3581,-0.3700,-0.0119,
 23.460,-0.3700,-0.3407,-0.3931,-0.3689,-0.3700,-0.3893,-0.3700, 0.0193,
 23.480,-0.3700,-0.4082,-0.3545,-0.3665,-0.3700,-0.3578,-0.3700,-0.0122,
 23.500,-0.3700,-0.3409,-0.3937,-0.3689,-0.3700,-0.3905,-0.3700, 0.0205,
 23.520,-0.3700,-0.4080,-0.3546,-0.3664,-0.3700,-0.3545,-0.3700,-0.0155,
 23.540,-0.3700,-0.3410,-0.4054,-0.3738,-0.3700,-0.3928,-0.3700, 0.0228,
 23.560,-0.3700,-0.4080,-0.3222,-0.3716,-0.3700,-0.3626,-0.3700,-0.0074,
 23.580,-0.3700,-0.3410,-0.3938,-0.3738,-0.3700,-0.3822,-0.3700, 0.0122,
 23.600,-0.3700,-0.4080,-0.3573,-0.3716,-0.3700,-0.3558,-0.3700,-0.0142,
 23.620,-0.3700,-0.3410,-0.3943,-0.3738,-0.3700,-0.3813,-0.3700, 0.0113,
 23.640,-0.3700,-0.4081,-0.3546,-0.3716,-0.3700,-0.3558,-0.3700,-0.0142,
 23.660,-0.3700,-0.3409,-0.4057,-0.3738,-0.3700,-0.3824,-0.3700, 0.0124,
 23.680,-0.3700,-0.4081,-0.3533,-0.3716,-0.3700,-0.3527,-0.3700,-0.0173,
 23.700,-0.3700,-0.3408,-0.3913,-0.3738,-0.3700,-0.3940,-0.3700, 0.0240,
 23.720,-0.3700,-0.4081,-0.3541,-0.3716,-0.3700,-0.3705,-0.3700, 0.0005,
 23.740,-0.3700,-0.3408,-0.3927,-0.3738,-0.3700,-0.3834,-0.3700, 0.0134,
 23.760,-0.3700,-0.4081,-0.3543,-0.3716,-0.3700,-0.3637,-0.3700,-0.0063,
 23.780,-0.3700,-0.3408,-0.3928,-0.3738,-0.3700,-0.3825,-0.3700, 0.0125,
 23.800,-0.3700,-0.4081,-0.3543,-0.3716,-0.3700,-0.3637,-0.3700,-0.0063,
 23.820,-0.3700,-0.3408,-0.3928,-0.3738,-0.3700,-0.3836,-0.3700, 0.0136,
 23.840,-0.3700,-0.4081,-0.3544,-0.3716,-0.3700,-0.3606,-0.3700,-0.0094,
 23.860,-0.3700,-0.3408,-0.3928,-0.3738,-0.3700,-0.3953,-0.3700, 0.0253,
 23.880,-0.3700,-0.4081,-0.3544,-0.3716,-0.3700,-0.3784,-0.3700, 0.0084,
 23.900,-0.3700,-0.3409,-0.3927,-0.3738,-0.3700,-0.3846,-0.3700, 0.0146,
 23.920,-0.3700,-0.4081,-0.3544,-0.3716,-0.3700,-0.3716,-0.3700, 0.0016,
 23.940,-0.3700,-0.3409,-0.3927,-0.3738,-0.3700,-0.3837,-0.3700, 0.0137,
 23.960,-0.3700,-0.4081,-0.3544,-0.3716,-0.3700,-0.3716,-0.3700, 0.0016,
 23.980,-0.3700,-0.3410,-0.3927,-0.3738,-0.3700,-0.3849,-0.3700, 0.0149,
 24.000,-0.3700,-0.4080,-0.3545,-0.3716,-0.3700,-0.3685,-0.3700,-0.0015,
 24.020,-0.3700,-0.3410,-0.3927,-0.3738,-0.3700,-0.3965,-0.3700, 0.0265,
 24.040,-0.3700,-0.4080,-0.3545,-0.3716,-0.3700,-0.3863,-0.3700, 0.0163,
 24.060,-0.3700,-0.3411,-0.3927,-0.3738,-0.3700,-0.3859,-0.3700, 0.0159,
 24.080,-0.3700,-0.4080,-0.3545,-0.3716,-0.3700,-0.3795,-0.3700, 0.0095,
 24.100,-0.3700,-0.3409,-0.3927,-0.3738,-0.3700,-0.3849,-0.3700, 0.0149,
 24.120,-0.3700,-0.4081,-0.3545,-0.3716,-0.3700,-0.3795,-0.3700, 0.0095,
 24.140,-0.3700,-0.3408,-0.3926,-0.3738,-0.3700,-0.3861,-0.3700, 0.0161,
 24.160,-0.3700,-0.4081,-0.3231,-0.3716,-0.3700,-0.3764,-0.3700, 0.0064,
 24.180,-0.3700,-0.3408,-0.4165,-0.3738,-0.3700,-0.3977,-0.3700, 0.0277,
 24.200,-0.3700,-0.4081,-0.4333,-0.3716,-0.3700,-0.3942,-0.3700, 0.0242,
 24.220,-0.3700,-0.3408,-0.3204,-0.3738,-0.3700,-0.3871,-0.3700, 0.0171,
 24.240,-0.3700,-0.4081,-0.3298,-0.3716,-0.3700,-0.3874,-0.3700, 0.0174,
 24.260,-0.3700,-0.3408,-0.3102,-0.3738,-0.3700,-0.3861,-0.3700, 0.0161,
 24.280,-0.3700,-0.4081,-0.3326,-0.3716,-0.3700,-0.3874,-0.3700, 0.0174,
 24.300,-0.3700,-0.3409,-0.3101,-0.3738,-0.3700,-0.3872,-0.3700, 0.0172,
 24.320,-0.3700,-0.4081,-0.3336,-0.3717,-0.3700,-0.3843,-0.3700, 0.0143,
 24.340,-0.3700,-0.3408,-0.4053,-0.3738,-0.3700,-0.3977,-0.3700, 0.0277,
 24.360,-0.3700,-0.4081,-0.4334,-0.3686,-0.3700,-0.4052,-0.3700, 0.0352,
 24.380,-0.3700,-0.3507,-0.4053,-0.3672,-0.3700,-0.3884,-0.3700, 0.0184,
 24.400,-0.3700,-0.4012,-0.4334,-0.3726,-0.3700,-0.3947,-0.3700, 0.0247,
 24.420,-0.3700,-0.3433,-0.4053,-0.3739,-0.3700,-0.3873,-0.3700, 0.0173,
 24.440,-0.3700,-0.4081,-0.4334,-0.3718,-0.3700,-0.3953,-0.3700, 0.0253,
 24.460,-0.3700,-0.3409,-0.4053,-0.3738,-0.3700,-0.3872,-0.3700, 0.0172,
 24.480,-0.3700,-0.4081,-0.4334,-0.3687,-0.3700,-0.3921,-0.3700, 0.0221,
 24.500,-0.3700,-0.3409,-0.4053,-0.3737,-0.3700,-0.3991,-0.3700, 0.0291,
 24.520,-0.3700,-0.4081,-0.4335,-0.3662,-0.3700,-0.4022,-0.3700, 0.0322,
 24.540,-0.3700,-0.3409,-0.4052,-0.3738,-0.3700,-0.3877,-0.3700, 0.0177,
 24.560,-0.3700,-0.4080,-0.4335,-0.3715,-0.3700,-0.4025,-0.3700, 0.0325,
 24.580,-0.3700,-0.3410,-0.4052,-0.3738,-0.3700,-0.3883,-0.3700, 0.0183,
 24.600,-0.3700,-0.4080,-0.4335,-0.3715,-0.3700,-0.4032,-0.3700, 0.0332,
 24.620,-0.3700,-0.3409,-0.4052,-0.3738,-0.3700,-0.3884,-0.3700, 0.0184,
 24.640,-0.3700,-0.4081,-0.4335,-0.3715,-0.3700,-0.3894,-0.3700, 0.0194,
 24.660,-0.3700,-0.3408,-0.4053,-0.3738,-0.3700,-0.4006,-0.3700, 0.0306,
 24.680,-0.3700,-0.4081,-0.4335,-0.3715,-0.3700,-0.4008,-0.3700, 0.0308,
 24.700,-0.3700,-0.3408,-0.4053,-0.3738,-0.3700,-0.3891,-0.3700, 0.0191,
 24.720,-0.3700,-0.4081,-0.4334,-0.3715,-0.3700,-0.4104,-0.3700, 0.0404,
 24.740,-0.3700,-0.3408,-0.4053,-0.3738,-0.3700,-0.3896,-0.3700, 0.0196,
 24.760,-0.3700,-0.4081,-0.4334,-0.3715,-0.3700,-0.4111,-0.3700, 0.0411,
 24.780,-0.3700,-0.3409,-0.4053,-0.3738,-0.3700,-0.3897,-0.3700, 0.0197,
 24.800,-0.3700,-0.4081,-0.4334,-0.3663,-0.3700,-0.3970,-0.3700, 0.0270,
 24.820,-0.3700,-0.3409,-0.4053,-0.3738,-0.3700,-0.4018,-0.3700, 0.0318,
 24.840,-0.3700,-0.4081,-0.4334,-0.3663,-0.3700,-0.4084,-0.3700, 0.0384,
 24.860,-0.3700,-0.3409,-0.4053,-0.3738,-0.3700,-0.3903,-0.3700, 0.0203,
 24.880,-0.3700,-0.4081,-0.4334,-0.3663,-0.3700,-0.4180,-0.3700, 0.0480,
 24.900,-0.3700,-0.3409,-0.4053,-0.3738,-0.3700,-0.3909,-0.3700, 0.0209,
 24.920,-0.3700,-0.4081,-0.4334,-0.3663,-0.3700,-0.4187,-0.3700, 0.0487,
 24.940,-0.3700,-0.3409,-0.4052,-0.3738,-0.3700,-0.3910,-0.3700, 0.0210,
 24.960,-0.3700,-0.4080,-0.4335,-0.3663,-0.3700,-0.3982,-0.3700, 0.0282,
 24.980,-0.3700,-0.2905,-0.4052,-0.3687,-0.3700,-0.3980,-0.3700, 0.0280,
 25.000,-0.3700,-0.4475,-0.4335,-0.3663,-0.3700,-0.4006,-0.3700, 0.0306,
 25.020,-0.3700,-0.4499,-0.4052,-0.3739,-0.3700,-0.4043,-0.3700, 0.0343,
 25.040,-0.3700,-0.3078,-0.4335,-0.3663,-0.3700,-0.4135,-0.3700, 0.0435,
 25.060,-0.3700,-0.2974,-0.4052,-0.3739,-0.3700,-0.3983,-0.3700, 0.0283,
 25.080,-0.3700,-0.2907,-0.4334,-0.3663,-0.3700,-0.4131,-0.3700, 0.0431,
 25.100,-0.3700,-0.3021,-0.4053,-0.3739,-0.3700,-0.3986,-0.3700, 0.0286,
 25.120,-0.3700,-0.2904,-0.4334,-0.3663,-0.3700,-0.3925,-0.3700, 0.0225,
 25.140,-0.3700,-0.3039,-0.4052,-0.3739,-0.3700,-0.3874,-0.3700, 0.0174,
 25.160,-0.3700,-0.4287,-0.3254,-0.3663,-0.3700,-0.3914,-0.3700, 0.0214,
 25.180,-0.3700,-0.4501,-0.3876,-0.3739,-0.3700,-0.4071,-0.3700, 0.0371,
 25.200,-0.3700,-0.4288,-0.4289,-0.3663,-0.3700,-0.4069,-0.3700, 0.0369,
 25.220,-0.3700,-0.4501,-0.4036,-0.3739,-0.3700,-0.4038,-0.3700, 0.0338,
 25.240,-0.3700,-0.4288,-0.4333,-0.3663,-0.3700,-0.4067,-0.3700, 0.0367,
 25.260,-0.3700,-0.4501,-0.4051,-0.3739,-0.3700,-0.4041,-0.3700, 0.0341,
 25.280,-0.3700,-0.4288,-0.3254,-0.3663,-0.3700,-0.3861,-0.3700, 0.0161,
 25.300,-0.3700,-0.4501,-0.4076,-0.3739,-0.3700,-0.3929,-0.3700, 0.0229,
 25.320,-0.3700,-0.4288,-0.3377,-0.3663,-0.3700,-0.3824,-0.3700, 0.0124,
 25.340,-0.3700,-0.4501,-0.4063,-0.3739,-0.3700,-0.4099,-0.3700, 0.0399,
 25.360,-0.3700,-0.4288,-0.4334,-0.3663,-0.3700,-0.3979,-0.3700, 0.0279,
 25.380,-0.3700,-0.4501,-0.4060,-0.3739,-0.3700,-0.4066,-0.3700, 0.0366,
 25.400,-0.3700,-0.4288,-0.4334,-0.3663,-0.3700,-0.3977,-0.3700, 0.0277,
 25.420,-0.3700,-0.4501,-0.4057,-0.3739,-0.3700,-0.4069,-0.3700, 0.0369,
 25.440,-0.3700,-0.4288,-0.4335,-0.3663,-0.3700,-0.3770,-0.3700, 0.0070,
 25.460,-0.3700,-0.4501,-0.4055,-0.3739,-0.3700,-0.3957,-0.3700, 0.0257,
 25.480,-0.3700,-0.4288,-0.4335,-0.3663,-0.3700,-0.3734,-0.3700, 0.0034,
 25.500,-0.3700,-0.4501,-0.4055,-0.3739,-0.3700,-0.4127,-0.3700, 0.0427,
 25.520,-0.3700,-0.4288,-0.4335,-0.3663,-0.3700,-0.3889,-0.3700, 0.0189,
 25.540,-0.3700,-0.4501,-0.4055,-0.3739,-0.3700,-0.4094,-0.3700, 0.0394,
 25.560,-0.3700,-0.4288,-0.4335,-0.3663,-0.3700,-0.3887,-0.3700, 0.0187,
 25.580,-0.3700,-0.4501,-0.4055,-0.3739,-0.3700,-0.4097,-0.3700, 0.0397,
 25.600,-0.3700,-0.4288,-0.3351,-0.3663,-0.3700,-0.3680,-0.3700,-0.0020,
 25.620,-0.3700,-0.4501,-0.4055,-0.3739,-0.3700,-0.3985,-0.3700, 0.0285,
 25.640,-0.3700,-0.4288,-0.3352,-0.3663,-0.3700,-0.3644,-0.3700,-0.0056,
 25.660,-0.3700,-0.4501,-0.4055,-0.3739,-0.3700,-0.4155,-0.3700, 0.0455,
 25.680,-0.3700,-0.4288,-0.3352,-0.3663,-0.3700,-0.3799,-0.3700, 0.0099,
 25.700,-0.3700,-0.4501,-0.4055,-0.3739,-0.3700,-0.4122,-0.3700, 0.0422,
 25.720,-0.3700,-0.4288,-0.3352,-0.3663,-0.3700,-0.3797,-0.3700, 0.0097,
 25.740,-0.3700,-0.4501,-0.4055,-0.3739,-0.3700,-0.4125,-0.3700, 0.0425,
 25.760,-0.3700,-0.4288,-0.3352,-0.3663,-0.3700,-0.3590,-0.3700,-0.0110,
 25.780,-0.3700,-0.4501,-0.2902,-0.3739,-0.3700,-0.4013,-0.3700, 0.0313,
 25.800,-0.3700,-0.4288,-0.3508,-0.3663,-0.3700,-0.3553,-0.3700,-0.0147,
 25.820,-0.3700,-0.4501,-0.4332,-0.3739,-0.3700,-0.4183,-0.3700, 0.0483,
 25.840,-0.3700,-0.4288,-0.3072,-0.3663,-0.3700,-0.3709,-0.3700, 0.0009,
 25.860,-0.3700,-0.4501,-0.3842,-0.3739,-0.3700,-0.4150,-0.3700, 0.0450,
 25.880,-0.3700,-0.4288,-0.3003,-0.3663,-0.3700,-0.3706,-0.3700, 0.0006,
 25.900,-0.3700,-0.4501,-0.3861,-0.3739,-0.3700,-0.4153,-0.3700, 0.0453,
 25.920,-0.3700,-0.4288,-0.3001,-0.3663,-0.3700,-0.3500,-0.3700,-0.0200,
 25.940,-0.3700,-0.4500,-0.3869,-0.3739,-0.3700,-0.4041,-0.3700, 0.0341,
 25.960,-0.3700,-0.4286,-0.3432,-0.3663,-0.3700,-0.3571,-0.3700,-0.0129,
 25.980,-0.3700,-0.2900,-0.4333,-0.3739,-0.3700,-0.4149,-0.3700, 0.0449,
 26.000,-0.3700,-0.4016,-0.3433,-0.3662,-0.3700,-0.3610,-0.3700,-0.0090,
 26.020,-0.3700,-0.4466,-0.4333,-0.3738,-0.3700,-0.4178,-0.3700, 0.0478,
 26.040,-0.3700,-0.4245,-0.3433,-0.3716,-0.3700,-0.3617,-0.3700,-0.0083,
 26.060,-0.3700,-0.4498,-0.4333,-0.3739,-0.3700,-0.4181,-0.3700, 0.0481,
 26.080,-0.3700,-0.4285,-0.3433,-0.3663,-0.3700,-0.3518,-0.3700,-0.0182,
 26.100,-0.3700,-0.2901,-0.4332,-0.3739,-0.3700,-0.3986,-0.3700, 0.0286,
 26.120,-0.3700,-0.4327,-0.3433,-0.3663,-0.3700,-0.3579,-0.3700,-0.0121,
 26.140,-0.3700,-0.3108,-0.4332,-0.3739,-0.3700,-0.4134,-0.3700, 0.0434,
 26.160,-0.3700,-0.4304,-0.3434,-0.3663,-0.3700,-0.3525,-0.3700,-0.0175,
 26.180,-0.3700,-0.4501,-0.4332,-0.3739,-0.3700,-0.4211,-0.3700, 0.0511,
 26.200,-0.3700,-0.4299,-0.3434,-0.3663,-0.3700,-0.3623,-0.3700,-0.0077,
 26.220,-0.3700,-0.4501,-0.4332,-0.3739,-0.3700,-0.4209,-0.3700, 0.0509,
 26.240,-0.3700,-0.4295,-0.3434,-0.3663,-0.3700,-0.3428,-0.3700,-0.0272,
 26.260,-0.3700,-0.4501,-0.4332,-0.3739,-0.3700,-0.4042,-0.3700, 0.0342,
 26.280,-0.3700,-0.4292,-0.3434,-0.3663,-0.3700,-0.3488,-0.3700,-0.0212,
 26.300,-0.3700,-0.4501,-0.4332,-0.3739,-0.3700,-0.4188,-0.3700, 0.0488,
 26.320,-0.3700,-0.4291,-0.3433,-0.3663,-0.3700,-0.3435,-0.3700,-0.0265,
 26.340,-0.3700,-0.4501,-0.4333,-0.3739,-0.3700,-0.4239,-0.3700, 0.0539,
 26.360,-0.3700,-0.4291,-0.3433,-0.3663,-0.3700,-0.3533,-0.3700,-0.0167,
 26.380,-0.3700,-0.4501,-0.4333,-0.3739,-0.3700,-0.4236,-0.3700, 0.0536,
 26.400,-0.3700,-0.4291,-0.3433,-0.3663,-0.3700,-0.3436,-0.3700,-0.0264,
 26.420,-0.3700,-0.3065,-0.4333,-0.3739,-0.3700,-0.3998,-0.3700, 0.0298,
 26.440,-0.3700,-0.4291,-0.3432,-0.3663,-0.3700,-0.3497,-0.3700,-0.0203,
 26.460,-0.3700,-0.3066,-0.4333,-0.3739,-0.3700,-0.4144,-0.3700, 0.0444,
 26.480,-0.3700,-0.4291,-0.3432,-0.3663,-0.3700,-0.3444,-0.3700,-0.0256,
 26.500,-0.3700,-0.3065,-0.4333,-0.3739,-0.3700,-0.4195,-0.3700, 0.0495,
 26.520,-0.3700,-0.4291,-0.3433,-0.3663,-0.3700,-0.3542,-0.3700,-0.0158,
 26.540,-0.3700,-0.3066,-0.4333,-0.3739,-0.3700,-0.4192,-0.3700, 0.0492,
 26.560,-0.3700,-0.4291,-0.3434,-0.3663,-0.3700,-0.3445,-0.3700,-0.0255,
 26.580,-0.3700,-0.3066,-0.4332,-0.3739,-0.3700,-0.4096,-0.3700, 0.0396,
 26.600,-0.3700,-0.2941,-0.3434,-0.3676,-0.3700,-0.3423,-0.3700,-0.0277,
 26.620,-0.3700,-0.3052,-0.4332,-0.3723,-0.3700,-0.4097,-0.3700, 0.0397,
 26.640,-0.3700,-0.4156,-0.3434,-0.3725,-0.3700,-0.3476,-0.3700,-0.0224,
 26.660,-0.3700,-0.3135,-0.4332,-0.3687,-0.3700,-0.4199,-0.3700, 0.0499,
 26.680,-0.3700,-0.4154,-0.3434,-0.3680,-0.3700,-0.3579,-0.3700,-0.0121,
 26.700,-0.3700,-0.3136,-0.4332,-0.3675,-0.3700,-0.4195,-0.3700, 0.0495,
 26.720,-0.3700,-0.4154,-0.3433,-0.3683,-0.3700,-0.3482,-0.3700,-0.0218,
 26.740,-0.3700,-0.3134,-0.4332,-0.3675,-0.3700,-0.4097,-0.3700, 0.0397,
 26.760,-0.3700,-0.4156,-0.3433,-0.3684,-0.3700,-0.3513,-0.3700,-0.0187,
 26.780,-0.3700,-0.3133,-0.3812,-0.3711,-0.3700,-0.3993,-0.3700, 0.0293,
 26.800,-0.3700,-0.4156,-0.3346,-0.3725,-0.3700,-0.3496,-0.3700,-0.0204,
 26.820,-0.3700,-0.3133,-0.4373,-0.3712,-0.3700,-0.4134,-0.3700, 0.0434,
 26.840,-0.3700,-0.4156,-0.4397,-0.3725,-0.3700,-0.3645,-0.3700,-0.0055,
 26.860,-0.3700,-0.3133,-0.4332,-0.3712,-0.3700,-0.4136,-0.3700, 0.0436,
 26.880,-0.3700,-0.4155,-0.3432,-0.3725,-0.3700,-0.3547,-0.3700,-0.0153,
 26.900,-0.3700,-0.3134,-0.3813,-0.3712,-0.3700,-0.4038,-0.3700, 0.0338,
 26.920,-0.3700,-0.4155,-0.3449,-0.3725,-0.3700,-0.3577,-0.3700,-0.0123,
 26.940,-0.3700,-0.3134,-0.3897,-0.3712,-0.3700,-0.3893,-0.3700, 0.0193,
 26.960,-0.3700,-0.4155,-0.3439,-0.3725,-0.3700,-0.3515,-0.3700,-0.0185,
 26.980,-0.3700,-0.3135,-0.4333,-0.3712,-0.3700,-0.4034,-0.3700, 0.0334,
 27.000,-0.3700,-0.4154,-0.3437,-0.3725,-0.3700,-0.3664,-0.3700,-0.0036,
 27.020,-0.3700,-0.3135,-0.4333,-0.3712,-0.3700,-0.4035,-0.3700, 0.0335,
 27.040,-0.3700,-0.4155,-0.3436,-0.3725,-0.3700,-0.3566,-0.3700,-0.0134,
 27.060,-0.3700,-0.3135,-0.4332,-0.3712,-0.3700,-0.3938,-0.3700, 0.0238,
 27.080,-0.3700,-0.4155,-0.3435,-0.3725,-0.3700,-0.3597,-0.3700,-0.0103,
 27.100,-0.3700,-0.3135,-0.4332,-0.3712,-0.3700,-0.3793,-0.3700, 0.0093,
 27.120,-0.3700,-0.4155,-0.3435,-0.3725,-0.3700,-0.3534,-0.3700,-0.0166,
 27.140,-0.3700,-0.3134,-0.4332,-0.3712,-0.3700,-0.3933,-0.3700, 0.0233,
 27.160,-0.3700,-0.4155,-0.3435,-0.3725,-0.3700,-0.3684,-0.3700,-0.0016,
 27.180,-0.3700,-0.3134,-0.4332,-0.3712,-0.3700,-0.3935,-0.3700, 0.0235,
 27.200,-0.3700,-0.4155,-0.3435,-0.3725,-0.3700,-0.3586,-0.3700,-0.0114,
 27.220,-0.3700,-0.3133,-0.3879,-0.3712,-0.3700,-0.3838,-0.3700, 0.0138,
 27.240,-0.3700,-0.4156,-0.3434,-0.3725,-0.3700,-0.3616,-0.3700,-0.0084,
 27.260,-0.3700,-0.3133,-0.3880,-0.3712,-0.3700,-0.3693,-0.3700,-0.0007,
 27.280,-0.3700,-0.4156,-0.3434,-0.3725,-0.3700,-0.3554,-0.3700,-0.0146,
 27.300,-0.3700,-0.3133,-0.3880,-0.3712,-0.3700,-0.3833,-0.3700, 0.0133,
 27.320,-0.3700,-0.4156,-0.3434,-0.3725,-0.3700,-0.3703,-0.3700, 0.0003,
 27.340,-0.3700,-0.3134,-0.3880,-0.3712,-0.3700,-0.3835,-0.3700, 0.0135,
 27.360,-0.3700,-0.4155,-0.3434,-0.3725,-0.3700,-0.3605,-0.3700,-0.0095,
 27.380,-0.3700,-0.3135,-0.3880,-0.3712,-0.3700,-0.3738,-0.3700, 0.0038,
 27.400,-0.3700,-0.4154,-0.3730,-0.3725,-0.3700,-0.3636,-0.3700,-0.0064,
 27.420,-0.3700,-0.3135,-0.3259,-0.3712,-0.3700,-0.3592,-0.3700,-0.0108,
 27.440,-0.3700,-0.4155,-0.3628,-0.3725,-0.3700,-0.3573,-0.3700,-0.0127,
 27.460,-0.3700,-0.3135,-0.3667,-0.3712,-0.3700,-0.3733,-0.3700, 0.0033,
 27.480,-0.3700,-0.4154,-0.4072,-0.3725,-0.3700,-0.3723,-0.3700, 0.0023,
 27.500,-0.3700,-0.3135,-0.3727,-0.3712,-0.3700,-0.3735,-0.3700, 0.0035,
 27.520,-0.3700,-0.4155,-0.4056,-0.3725,-0.3700,-0.3624,-0.3700,-0.0076,
 27.540,-0.3700,-0.3134,-0.3727,-0.3712,-0.3700,-0.3638,-0.3700,-0.0062,
 27.560,-0.3700,-0.4155,-0.4051,-0.3725,-0.3700,-0.3655,-0.3700,-0.0045,
 27.580,-0.3700,-0.3135,-0.3330,-0.3711,-0.3700,-0.3544,-0.3700,-0.0156,
 27.600,-0.3700,-0.4155,-0.3628,-0.3675,-0.3700,-0.3599,-0.3700,-0.0101,
 27.620,-0.3700,-0.3095,-0.3330,-0.3687,-0.3700,-0.3626,-0.3700,-0.0074,
 27.640,-0.3700,-0.4243,-0.3628,-0.3723,-0.3700,-0.3650,-0.3700,-0.0050,
 27.660,-0.3700,-0.4433,-0.3330,-0.3709,-0.3700,-0.3700,-0.3700,-0.0000,
 27.680,-0.3700,-0.4250,-0.3628,-0.3725,-0.3700,-0.3649,-0.3700,-0.0051,
 27.700,-0.3700,-0.3136,-0.3331,-0.3711,-0.3700,-0.3590,-0.3700,-0.0110,
 27.720,-0.3700,-0.4156,-0.3628,-0.3675,-0.3700,-0.3670,-0.3700,-0.0030,
 27.740,-0.3700,-0.3134,-0.3331,-0.3714,-0.3700,-0.3488,-0.3700,-0.0212,
 27.760,-0.3700,-0.4155,-0.3627,-0.3688,-0.3700,-0.3666,-0.3700,-0.0034,
 27.780,-0.3700,-0.3134,-0.3331,-0.3712,-0.3700,-0.3493,-0.3700,-0.0207,
 27.800,-0.3700,-0.4156,-0.3627,-0.3725,-0.3700,-0.3670,-0.3700,-0.0030,
 27.820,-0.3700,-0.3133,-0.3331,-0.3712,-0.3700,-0.3582,-0.3700,-0.0118,
 27.840,-0.3700,-0.4156,-0.3627,-0.3725,-0.3700,-0.3659,-0.3700,-0.0041,
 27.860,-0.3700,-0.3134,-0.3331,-0.3712,-0.3700,-0.3489,-0.3700,-0.0211,
 27.880,-0.3700,-0.4155,-0.3627,-0.3725,-0.3700,-0.3739,-0.3700, 0.0039,
 27.900,-0.3700,-0.3135,-0.3331,-0.3712,-0.3700,-0.3386,-0.3700,-0.0314,
 27.920,-0.3700,-0.4155,-0.3628,-0.3725,-0.3700,-0.3727,-0.3700, 0.0027,
 27.940,-0.3700,-0.3135,-0.3331,-0.3712,-0.3700,-0.3393,-0.3700,-0.0307,
 27.960,-0.3700,-0.4155,-0.3628,-0.3725,-0.3700,-0.3689,-0.3700,-0.0011,
 27.980,-0.3700,-0.3134,-0.3331,-0.3712,-0.3700,-0.3482,-0.3700,-0.0218,
 28.000,-0.3700,-0.4155,-0.3628,-0.3725,-0.3700,-0.3679,-0.3700,-0.0021,
 28.020,-0.3700,-0.3134,-0.3330,-0.3712,-0.3700,-0.3434,-0.3700,-0.0266,
 28.040,-0.3700,-0.4155,-0.3628,-0.3686,-0.3700,-0.3756,-0.3700, 0.0056,
 28.060,-0.3700,-0.3134,-0.3330,-0.3712,-0.3700,-0.3331,-0.3700,-0.0369,
 28.080,-0.3700,-0.4155,-0.3628,-0.3686,-0.3700,-0.3744,-0.3700, 0.0044,
 28.100,-0.3700,-0.3134,-0.3330,-0.3712,-0.3700,-0.3338,-0.3700,-0.0362,
 28.120,-0.3700,-0.4155,-0.3628,-0.3686,-0.3700,-0.3706,-0.3700, 0.0006,
 28.140,-0.3700,-0.3134,-0.3330,-0.3712,-0.3700,-0.3427,-0.3700,-0.0273,
 28.160,-0.3700,-0.4155,-0.3628,-0.3686,-0.3700,-0.3696,-0.3700,-0.0004,
 28.180,-0.3700,-0.3134,-0.3331,-0.3712,-0.3700,-0.3379,-0.3700,-0.0321,
 28.200,-0.3700,-0.4156,-0.3627,-0.3686,-0.3700,-0.3788,-0.3700, 0.0088,
 28.220,-0.3700,-0.4087,-0.3331,-0.3674,-0.3700,-0.3384,-0.3700,-0.0316,
 28.240,-0.3700,-0.3436,-0.3627,-0.3686,-0.3700,-0.3749,-0.3700, 0.0049,
 28.260,-0.3700,-0.3431,-0.3331,-0.3712,-0.3700,-0.3319,-0.3700,-0.0381,
 28.280,-0.3700,-0.3869,-0.3627,-0.3685,-0.3700,-0.3689,-0.3700,-0.0011,
 28.300,-0.3700,-0.3929,-0.3331,-0.3711,-0.3700,-0.3427,-0.3700,-0.0273,
 28.320,-0.3700,-0.3970,-0.3628,-0.3685,-0.3700,-0.3685,-0.3700,-0.0015,
 28.340,-0.3700,-0.3933,-0.3331,-0.3711,-0.3700,-0.3379,-0.3700,-0.0321,
 28.360,-0.3700,-0.3983,-0.3628,-0.3685,-0.3700,-0.3778,-0.3700, 0.0078,
 28.380,-0.3700,-0.3933,-0.3332,-0.3711,-0.3700,-0.3450,-0.3700,-0.0250,
 28.400,-0.3700,-0.3551,-0.4098,-0.3685,-0.3700,-0.3770,-0.3700, 0.0070,
 28.420,-0.3700,-0.3445,-0.2980,-0.3711,-0.3700,-0.3339,-0.3700,-0.0361,
 28.440,-0.3700,-0.3515,-0.3675,-0.3685,-0.3700,-0.3708,-0.3700, 0.0008,
 28.460,-0.3700,-0.3424,-0.3810,-0.3711,-0.3700,-0.3432,-0.3700,-0.0268,
 28.480,-0.3700,-0.3504,-0.3590,-0.3685,-0.3700,-0.3701,-0.3700, 0.0001,
 28.500,-0.3700,-0.3418,-0.3331,-0.3711,-0.3700,-0.3383,-0.3700,-0.0317,
 28.520,-0.3700,-0.3500,-0.4098,-0.3685,-0.3700,-0.3793,-0.3700, 0.0093,
 28.540,-0.3700,-0.3416,-0.3317,-0.3711,-0.3700,-0.3452,-0.3700,-0.0248,
 28.560,-0.3700,-0.3499,-0.4027,-0.3685,-0.3700,-0.3796,-0.3700, 0.0096,
 28.580,-0.3700,-0.3415,-0.3325,-0.3711,-0.3700,-0.3353,-0.3700,-0.0347,
 28.600,-0.3700,-0.3498,-0.3628,-0.3685,-0.3700,-0.3736,-0.3700, 0.0036,
 28.620,-0.3700,-0.3415,-0.3326,-0.3711,-0.3700,-0.3449,-0.3700,-0.0251,
 28.640,-0.3700,-0.3498,-0.3628,-0.3685,-0.3700,-0.3731,-0.3700, 0.0031,
 28.660,-0.3700,-0.3415,-0.3328,-0.3711,-0.3700,-0.3400,-0.3700,-0.0300,
 28.680,-0.3700,-0.3498,-0.3628,-0.3685,-0.3700,-0.3823,-0.3700, 0.0123,
 28.700,-0.3700,-0.3415,-0.3329,-0.3711,-0.3700,-0.3470,-0.3700,-0.0230,
 28.720,-0.3700,-0.3498,-0.3627,-0.3685,-0.3700,-0.3826,-0.3700, 0.0126,
 28.740,-0.3700,-0.3415,-0.3330,-0.3711,-0.3700,-0.3371,-0.3700,-0.0329,
 28.760,-0.3700,-0.3498,-0.3627,-0.3685,-0.3700,-0.3766,-0.3700, 0.0066,
 28.780,-0.3700,-0.3415,-0.3330,-0.3711,-0.3700,-0.3467,-0.3700,-0.0233,
 28.800,-0.3700,-0.3498,-0.3628,-0.3685,-0.3700,-0.3761,-0.3700, 0.0061,
 28.820,-0.3700,-0.3415,-0.3330,-0.3711,-0.3700,-0.3417,-0.3700,-0.0283,
 28.840,-0.3700,-0.3498,-0.4042,-0.3685,-0.3700,-0.3853,-0.3700, 0.0153,
 28.860,-0.3700,-0.3415,-0.3330,-0.3711,-0.3700,-0.3487,-0.3700,-0.0213,
 28.880,-0.3700,-0.3498,-0.4041,-0.3685,-0.3700,-0.3856,-0.3700, 0.0156,
 28.900,-0.3700,-0.3415,-0.3330,-0.3711,-0.3700,-0.3388,-0.3700,-0.0312,
 28.920,-0.3700,-0.3498,-0.4042,-0.3685,-0.3700,-0.3796,-0.3700, 0.0096,
 28.940,-0.3700,-0.3415,-0.3330,-0.3711,-0.3700,-0.3484,-0.3700,-0.0216,
 28.960,-0.3700,-0.3498,-0.4041,-0.3685,-0.3700,-0.3791,-0.3700, 0.0091,
 28.980,-0.3700,-0.3415,-0.3329,-0.3711,-0.3700,-0.3435,-0.3700,-0.0265,
 29.000,-0.3700,-0.3498,-0.4042,-0.3685,-0.3700,-0.3883,-0.3700, 0.0183,
 29.020,-0.3700,-0.3415,-0.4051,-0.3711,-0.3700,-0.3504,-0.3700,-0.0196,
 29.040,-0.3700,-0.3498,-0.3783,-0.3685,-0.3700,-0.3886,-0.3700, 0.0186,
 29.060,-0.3700,-0.3415,-0.3520,-0.3711,-0.3700,-0.3405,-0.3700,-0.0295,
 29.080,-0.3700,-0.3498,-0.3995,-0.3685,-0.3700,-0.3827,-0.3700, 0.0127,
 29.100,-0.3700,-0.3415,-0.3638,-0.3711,-0.3700,-0.3501,-0.3700,-0.0199,
 29.120,-0.3700,-0.3498,-0.4017,-0.3685,-0.3700,-0.3821,-0.3700, 0.0121,
 29.140,-0.3700,-0.3415,-0.3620,-0.3711,-0.3700,-0.3452,-0.3700,-0.0248,
 29.160,-0.3700,-0.3498,-0.4017,-0.3685,-0.3700,-0.3913,-0.3700, 0.0213,
 29.180,-0.3700,-0.3415,-0.3608,-0.3711,-0.3700,-0.3522,-0.3700,-0.0178,
 29.200,-0.3700,-0.3499,-0.3908,-0.3685,-0.3700,-0.3869,-0.3700, 0.0169,
 29.220,-0.3700,-0.3940,-0.3492,-0.3711,-0.3700,-0.3484,-0.3700,-0.0216,
 29.240,-0.3700,-0.2967,-0.3923,-0.3688,-0.3700,-0.3825,-0.3700, 0.0125,
 29.260,-0.3700,-0.3359,-0.3500,-0.3715,-0.3700,-0.3468,-0.3700,-0.0232,
 29.280,-0.3700,-0.3450,-0.3927,-0.3728,-0.3700,-0.3854,-0.3700, 0.0154,
 29.300,-0.3700,-0.3375,-0.3503,-0.3704,-0.3700,-0.3467,-0.3700,-0.0233,
 29.320,-0.3700,-0.3485,-0.3928,-0.3685,-0.3700,-0.3895,-0.3700, 0.0195,
 29.340,-0.3700,-0.3940,-0.3505,-0.3709,-0.3700,-0.3567,-0.3700,-0.0133,
 29.360,-0.3700,-0.3513,-0.3927,-0.3685,-0.3700,-0.3860,-0.3700, 0.0160,
 29.380,-0.3700,-0.3870,-0.3507,-0.3711,-0.3700,-0.3514,-0.3700,-0.0186,
 29.400,-0.3700,-0.3522,-0.3926,-0.3685,-0.3700,-0.3850,-0.3700, 0.0150,
 29.420,-0.3700,-0.3432,-0.3508,-0.3711,-0.3700,-0.3486,-0.3700,-0.0214,
 29.440,-0.3700,-0.3503,-0.3927,-0.3685,-0.3700,-0.3836,-0.3700, 0.0136,
 29.460,-0.3700,-0.3420,-0.3507,-0.3711,-0.3700,-0.3478,-0.3700,-0.0222,
 29.480,-0.3700,-0.3498,-0.3927,-0.3685,-0.3700,-0.3925,-0.3700, 0.0225,
 29.500,-0.3700,-0.3416,-0.3507,-0.3711,-0.3700,-0.3569,-0.3700,-0.0131,
 29.520,-0.3700,-0.3497,-0.3927,-0.3685,-0.3700,-0.3887,-0.3700, 0.0187,
 29.540,-0.3700,-0.3415,-0.3506,-0.3711,-0.3700,-0.3520,-0.3700,-0.0180,
 29.560,-0.3700,-0.3497,-0.3928,-0.3685,-0.3700,-0.3877,-0.3700, 0.0177,
 29.580,-0.3700,-0.3415,-0.3505,-0.3711,-0.3700,-0.3502,-0.3700,-0.0198,
 29.600,-0.3700,-0.3497,-0.3928,-0.3685,-0.3700,-0.3865,-0.3700, 0.0165,
 29.620,-0.3700,-0.3414,-0.3505,-0.3711,-0.3700,-0.3495,-0.3700,-0.0205,
 29.640,-0.3700,-0.3497,-0.3930,-0.3685,-0.3700,-0.3913,-0.3700, 0.0213,
 29.660,-0.3700,-0.3872,-0.3503,-0.3711,-0.3700,-0.3610,-0.3700,-0.0090,
 29.680,-0.3700,-0.3521,-0.3931,-0.3685,-0.3700,-0.3877,-0.3700, 0.0177,
 29.700,-0.3700,-0.3885,-0.3502,-0.3711,-0.3700,-0.3561,-0.3700,-0.0139,
 29.720,-0.3700,-0.3528,-0.3931,-0.3685,-0.3700,-0.3867,-0.3700, 0.0167,
 29.740,-0.3700,-0.3889,-0.3502,-0.3711,-0.3700,-0.3544,-0.3700,-0.0156,
 29.760,-0.3700,-0.3530,-0.3929,-0.3685,-0.3700,-0.3855,-0.3700, 0.0155,
 29.780,-0.3700,-0.3890,-0.3505,-0.3711,-0.3700,-0.3536,-0.3700,-0.0164,
 29.800,-0.3700,-0.3531,-0.3927,-0.3685,-0.3700,-0.3904,-0.3700, 0.0204,
 29.820,-0.3700,-0.3890,-0.3508,-0.3711,-0.3700,-0.3568,-0.3700,-0.0132,
 29.840,-0.3700,-0.4018,-0.3926,-0.3740,-0.3700,-0.3918,-0.3700, 0.0218,
 29.860,-0.3700,-0.3910,-0.3507,-0.3661,-0.3700,-0.3569,-0.3700,-0.0131,
 29.880,-0.3700,-0.3591,-0.3926,-0.3712,-0.3700,-0.3863,-0.3700, 0.0163,
 29.900,-0.3700,-0.4018,-0.3508,-0.3735,-0.3700,-0.3549,-0.3700,-0.0151,
 29.920,-0.3700,-0.3567,-0.3927,-0.3685,-0.3700,-0.3847,-0.3700, 0.0147,
 29.940,-0.3700,-0.4016,-0.3506,-0.3738,-0.3700,-0.3544,-0.3700,-0.0156,
 29.960,-0.3700,-0.3568,-0.3928,-0.3681,-0.3700,-0.3895,-0.3700, 0.0195,
 29.980,-0.3700,-0.4021,-0.3506,-0.3687,-0.3700,-0.3574,-0.3700,-0.0126,
